item_id,frame_id,gt_index,mask_iou,normalized_mssd,mspd_px
s000010-i000000-p000001,s000010-i000000,1,0.8950499762018087,0.03961890776890877,3.1611240944962327
s000010-i000000-p000000,s000010-i000000,4,0.8845878136200717,0.06208039622162331,5.601101561225624
s000010-i000000-p000008,s000010-i000000,33,0.8474347434743474,0.09572172158100367,5.868765223094242
s000010-i000000-p000002,s000010-i000000,32,0.8393876491956409,0.05741022173195166,4.8309706120265155
s000010-i000000-p000004,s000010-i000000,25,0.8326885880077369,0.06121685632483181,5.181993776897517
s000010-i000000-p000025,s000010-i000000,15,0.8313713949381989,0.06164375994643182,5.338982292642897
s000010-i000000-p000013,s000010-i000000,31,0.8151201130475741,0.05415286524271471,3.5805738029884453
s000010-i000000-p000029,s000010-i000000,24,0.8093774019984628,0.04823087727096944,3.5453974282921794
s000010-i000000-p000014,s000010-i000000,16,0.7971155720132528,0.04535472966834448,4.545244260628009
s000010-i000000-p000035,s000010-i000000,29,0.7867920402361688,0.07671549738768758,6.7521776109550755
s000010-i000000-p000028,s000010-i000000,35,0.7854736842105263,0.05037956712130206,4.027533465131677
s000010-i000000-p000016,s000010-i000000,5,0.782020389249305,0.06464341490835554,2.900204229412241
s000010-i000000-p000010,s000010-i000000,8,0.7819861431870669,0.0696807452512746,6.097458887801819
s000010-i000000-p000020,s000010-i000000,17,0.7783691718117948,0.038231719949104175,3.534587085237354
s000010-i000000-p000019,s000010-i000000,23,0.74086310138344,0.05143518815810455,4.276318952407795
s000010-i000000-p000022,s000010-i000000,3,0.7348665654154914,0.044203247872657905,4.199877268959022
s000010-i000000-p000015,s000010-i000000,26,0.728843710292249,0.08029503996940075,5.038050352785854
s000010-i000000-p000018,s000010-i000000,18,0.7131228906094897,0.05469291896168125,2.896123900603967
s000010-i000000-p000011,s000010-i000000,11,0.7101619338183525,0.06155963157571115,5.459255434448986
s000010-i000000-p000005,s000010-i000000,0,0.7048232573505121,0.06019270035393235,4.332804237807116
s000010-i000000-p000012,s000010-i000000,10,0.6980909269828773,0.061382803490695595,4.194359125235154
s000010-i000000-p000032,s000010-i000000,19,0.696219323457882,0.03761480956226267,3.1432961507386405
s000010-i000000-p000023,s000010-i000000,27,0.6919231781110234,0.051780695920377685,4.4478854196505155
s000010-i000000-p000024,s000010-i000000,2,0.6886314265025344,0.07521108249156673,4.338537387104162
s000010-i000000-p000026,s000010-i000000,20,0.6774522292993631,0.05453789653209855,3.808519219423833
s000010-i000000-p000007,s000010-i000000,7,0.6764966740576497,0.06380840706328725,4.520453715777983
s000010-i000000-p000006,s000010-i000000,9,0.6595482546201232,0.060261713378030504,5.496343162267277
s000010-i000000-p000017,s000010-i000000,12,0.6569012976799056,0.07174432136423774,4.27077444066036
s000010-i000000-p000009,s000010-i000000,14,0.6321863197650021,0.045185275968031985,4.2106012541894415
s000010-i000000-p000003,s000010-i000000,34,0.6056710775047259,0.04485455520254758,3.836572276633588
s000010-i000000-p000027,s000010-i000000,13,0.5772921108742004,0.048028986565748895,4.002115155520667
s000010-i000010-p000003,s000010-i000010,33,0.8894984326018809,0.05342085137451881,4.455497210167353
s000010-i000010-p000020,s000010-i000010,16,0.8717081420633003,0.05309240813321484,4.498955749090065
s000010-i000010-p000000,s000010-i000010,25,0.8654545454545455,0.05090149712772191,4.593934528169786
s000010-i000010-p000002,s000010-i000010,3,0.8646907216494846,0.038449860174555595,3.368474276387838
s000010-i000010-p000022,s000010-i000010,24,0.844061876247505,0.043740496132506405,2.9018271307194756
s000010-i000010-p000004,s000010-i000010,30,0.8114199849737039,0.053236368583909684,4.029395595211758
s000010-i000010-p000028,s000010-i000010,19,0.7880515617253346,0.04514670392551827,3.2635967225655995
s000010-i000010-p000033,s000010-i000010,21,0.7757725587144623,0.054799720309197705,4.296619530373712
s000010-i000010-p000015,s000010-i000010,34,0.7708284163323106,0.017137011402826408,1.6443369653466873
s000010-i000010-p000008,s000010-i000010,32,0.7707707707707707,0.07256885231136563,5.139298104797387
s000010-i000010-p000036,s000010-i000010,35,0.7638495754144763,0.044386857622481374,4.252438656703893
s000010-i000010-p000009,s000010-i000010,0,0.7484208626601696,0.0738351514725792,3.0490910967350833
s000010-i000010-p000010,s000010-i000010,1,0.747049247049247,0.06403769542118715,4.165957399794387
s000010-i000010-p000021,s000010-i000010,31,0.7409979423868313,0.05549210825098324,3.5292788981188434
s000010-i000010-p000013,s000010-i000010,5,0.7359550561797753,0.03805026674120818,3.306737188585403
s000010-i000010-p000029,s000010-i000010,4,0.7252327524468847,0.08382589813128222,7.227034280634037
s000010-i000010-p000018,s000010-i000010,2,0.7182025894897182,0.09363894060088378,5.88812211052929
s000010-i000010-p000017,s000010-i000010,18,0.7165775401069518,0.02178494265126247,2.1771261866964493
s000010-i000010-p000005,s000010-i000010,9,0.7090012330456227,0.06002783549692502,3.2552951133172083
s000010-i000010-p000011,s000010-i000010,17,0.7075298438934803,0.07413797131371422,5.360901742356648
s000010-i000010-p000001,s000010-i000010,10,0.706229992612657,0.055705433774750276,2.7909978325663523
s000010-i000010-p000019,s000010-i000010,8,0.7036759189797449,0.06995216859286349,4.8738324556173716
s000010-i000010-p000006,s000010-i000010,11,0.6950411031556616,0.05633294995262335,4.061288887487182
s000010-i000010-p000007,s000010-i000010,23,0.6922914466737065,0.07927663498734203,5.303948661162444
s000010-i000010-p000031,s000010-i000010,20,0.669799008091882,0.04624444421112531,2.508744591086532
s000010-i000010-p000025,s000010-i000010,15,0.6405540960114641,0.1146091257808755,9.874401530834367
s000010-i000010-p000014,s000010-i000010,26,0.6326530612244898,0.07215012122755905,2.9565332738163295
s000010-i000010-p000026,s000010-i000010,7,0.6186666666666667,0.03331966470371224,2.9262660454198817
s000010-i000010-p000012,s000010-i000010,27,0.5961634280019931,0.04693065396984728,3.1562856194715625
s000010-i000010-p000024,s000010-i000010,14,0.5737901293723048,0.07978847040071081,3.9498558967988906
s000010-i000010-p000023,s000010-i000010,13,0.5327889767797908,0.10745936315152546,6.2094582267552125
s000010-i000010-p000016,s000010-i000010,12,0.5155417406749556,0.05121293260304418,3.228557936114987
s000010-i000020-p000027,s000010-i000020,12,0.8719794344473007,0.05634077252030335,4.489615705869269
s000010-i000020-p000007,s000010-i000020,4,0.8501187648456057,0.0542924236267571,4.698826710420178
s000010-i000020-p000011,s000010-i000020,15,0.8406668488658103,0.06582345408210785,5.791496390335182
s000010-i000020-p000004,s000010-i000020,30,0.8389314996032795,0.07039252097894065,5.373159816935623
s000010-i000020-p000006,s000010-i000020,0,0.8355648535564854,0.07601965706945653,4.010530481883017
s000010-i000020-p000012,s000010-i000020,3,0.830060606060606,0.1008025200075624,8.772915095185008
s000010-i000020-p000000,s000010-i000020,25,0.815406976744186,0.0797463766972956,6.705686052976829
s000010-i000020-p000016,s000010-i000020,16,0.8043620501635769,0.07899368893479805,7.025194687099486
s000010-i000020-p000030,s000010-i000020,24,0.794329649207112,0.07291018635152731,4.977290755325766
s000010-i000020-p000034,s000010-i000020,19,0.7777486224088166,0.0783495799825762,6.840757163268708
s000010-i000020-p000015,s000010-i000020,20,0.7413180202351655,0.06670501542481382,4.341189690156652
s000010-i000020-p000018,s000010-i000020,32,0.730605738575983,0.06950503993579239,5.626358766181179
s000010-i000020-p000022,s000010-i000020,8,0.6954858454475898,0.09466254808817089,6.1506900823390085
s000010-i000020-p000023,s000010-i000020,33,0.6912245411113905,0.07053948686601941,5.2892295332489105
s000010-i000020-p000002,s000010-i000020,9,0.6706500956022945,0.0589732714611578,4.059442129268347
s000010-i000020-p000021,s000010-i000020,11,0.6688806888068881,0.08671575440592777,5.9224826695129735
s000010-i000020-p000026,s000010-i000020,34,0.6627521062037274,0.05245751401797253,4.572616337686356
s000010-i000020-p000013,s000010-i000020,5,0.6534947464595706,0.04791842000833979,4.144979824725344
s000010-i000020-p000019,s000010-i000020,31,0.6531182128451753,0.049386910510246025,3.013237021600632
s000010-i000020-p000017,s000010-i000020,17,0.6527882916982084,0.07389123960795302,4.4915285701386685
s000010-i000020-p000001,s000010-i000020,10,0.6527610320713769,0.07889442294610609,4.904188878437637
s000010-i000020-p000005,s000010-i000020,2,0.6469737159392331,0.0730787028418848,5.840407402478921
s000010-i000020-p000025,s000010-i000020,13,0.6185725249424405,0.09860211246850727,6.003984878300718
s000010-i000020-p000008,s000010-i000020,18,0.6160530528241481,0.039274678691870256,3.4857278018673905
s000010-i000020-p000014,s000010-i000020,7,0.6085202924124024,0.05487602073170535,4.6829574910158565
s000010-i000020-p000032,s000010-i000020,28,0.5967741935483871,0.06949709455071279,6.38080837999309
s000010-i000020-p000010,s000010-i000020,23,0.5886075949367089,0.10563219969150084,6.490500252000242
s000010-i000020-p000020,s000010-i000020,27,0.5791162675882499,0.08571021262328964,5.176677590637218
s000010-i000020-p000024,s000010-i000020,14,0.5610647181628392,0.07846827824894276,5.279706535316886
s000010-i000030-p000023,s000010-i000030,35,0.8999271314063638,0.044926176772305475,4.170075416570741
s000010-i000030-p000015,s000010-i000030,15,0.8752497858978019,0.03754767325278459,2.62639631390216
s000010-i000030-p000008,s000010-i000030,33,0.8710191082802548,0.05078109762516355,3.392810610433943
s000010-i000030-p000010,s000010-i000030,3,0.8641370869033048,0.04158031106213326,3.7079588951985283
s000010-i000030-p000005,s000010-i000030,2,0.8557692307692307,0.09292804476918506,5.196116217384449
s000010-i000030-p000025,s000010-i000030,12,0.8401588483494664,0.08079615839398158,2.91767168847201
s000010-i000030-p000034,s000010-i000030,29,0.8278706800445931,0.09156966353470031,7.45554008999649
s000010-i000030-p000003,s000010-i000030,4,0.8275225121219117,0.04850631152115355,4.213804578218773
s000010-i000030-p000000,s000010-i000030,25,0.8218145262628801,0.04243498518510897,3.9528466485971228
s000010-i000030-p000012,s000010-i000030,30,0.8191603875134553,0.08554967242286252,5.811595832153526
s000010-i000030-p000014,s000010-i000030,11,0.7923497267759563,0.05104260408996461,4.190051039857176
s000010-i000030-p000013,s000010-i000030,17,0.7864238410596026,0.05923555964865392,3.90466115643651
s000010-i000030-p000011,s000010-i000030,8,0.7787136294027565,0.06641992246825325,5.230460518937963
s000010-i000030-p000007,s000010-i000030,5,0.771576100319646,0.07206879717333603,4.2029454698158215
s000010-i000030-p000033,s000010-i000030,24,0.7690243902439025,0.056656189437524374,3.9657697758323835
s000010-i000030-p000006,s000010-i000030,16,0.7632739122100825,0.04273030820655551,3.8619269809134558
s000010-i000030-p000001,s000010-i000030,0,0.7556977209116353,0.07064105134147565,4.092703197089747
s000010-i000030-p000029,s000010-i000030,28,0.7548225308641975,0.04804697707759867,4.4243145209650345
s000010-i000030-p000022,s000010-i000030,32,0.743073047858942,0.05182793083747181,3.1886897970058903
s000010-i000030-p000024,s000010-i000030,20,0.734875940897686,0.04610153629386296,3.0389074540564436
s000010-i000030-p000027,s000010-i000030,34,0.7268505872712374,0.034300765348952024,2.9669115440925067
s000010-i000030-p000021,s000010-i000030,31,0.7225972356155577,0.062020295846883344,4.746585974629469
s000010-i000030-p000016,s000010-i000030,18,0.7148603880738287,0.05700088403611372,4.099363390086864
s000010-i000030-p000009,s000010-i000030,10,0.7004038364462393,0.048683179929747085,3.991245424254922
s000010-i000030-p000026,s000010-i000030,27,0.696617050067659,0.08873057901067187,5.2372032130981765
s000010-i000030-p000017,s000010-i000030,7,0.6964054822860098,0.08438978681570397,7.013680855644825
s000010-i000030-p000004,s000010-i000030,9,0.6962944416624938,0.08132252711072666,6.038493413795081
s000010-i000030-p000018,s000010-i000030,23,0.6680192746639615,0.09175769591512431,3.867009731361329
s000010-i000030-p000028,s000010-i000030,13,0.6621297037630104,0.08778637907016575,4.2594845715174525
s000010-i000030-p000019,s000010-i000030,14,0.6531430002504383,0.06037455407188423,3.469541941710721
s000010-i000040-p000010,s000010-i000040,33,0.9403314917127071,0.05914859855073709,2.383611842649607
s000010-i000040-p000007,s000010-i000040,3,0.9196787148594378,0.06203885123350489,5.550599122833137
s000010-i000040-p000014,s000010-i000040,25,0.8835653104925053,0.02092815181059271,1.7444657963890882
s000010-i000040-p000009,s000010-i000040,2,0.8764786795048143,0.06954017076974874,1.1754251406405571
s000010-i000040-p000030,s000010-i000040,19,0.8715666327568667,0.04755356900522288,2.048309563963462
s000010-i000040-p000004,s000010-i000040,16,0.8712814645308925,0.040318551569220644,2.7686354247578255
s000010-i000040-p000024,s000010-i000040,35,0.86597188560349,0.038204476674346795,3.3359475094461364
s000010-i000040-p000029,s000010-i000040,29,0.8612176414189837,0.07199148594350653,4.955068671913358
s000010-i000040-p000026,s000010-i000040,12,0.8596491228070176,0.05215059572110856,1.5801475124585305
s000010-i000040-p000001,s000010-i000040,4,0.8535863938871087,0.044273811022615905,3.230362181078534
s000010-i000040-p000017,s000010-i000040,17,0.8459163626157732,0.0369375223735041,2.6311083767366488
s000010-i000040-p000013,s000010-i000040,8,0.8456449834619625,0.03923053701907049,2.8498809417575113
s000010-i000040-p000015,s000010-i000040,11,0.83485254691689,0.02912106032997208,2.538988199742134
s000010-i000040-p000025,s000010-i000040,28,0.8328949675609328,0.026512506871887324,1.9431745042273172
s000010-i000040-p000023,s000010-i000040,30,0.8226720647773279,0.06074866581120302,3.513980504473295
s000010-i000040-p000021,s000010-i000040,34,0.8152716593245227,0.012873734534447298,1.0530516285150882
s000010-i000040-p000011,s000010-i000040,23,0.8062337662337662,0.04759422297271566,2.320471795753499
s000010-i000040-p000005,s000010-i000040,18,0.7964580300824843,0.022194406811495353,1.649320290553582
s000010-i000040-p000033,s000010-i000040,32,0.7812045388420134,0.0553162601383343,2.3197097139169434
s000010-i000040-p000027,s000010-i000040,20,0.7760087839692561,0.05601679399817822,1.4435721659569938
s000010-i000040-p000020,s000010-i000040,27,0.7642815926139642,0.05092870618230554,1.689497574237256
s000010-i000040-p000018,s000010-i000040,0,0.7626241721854304,0.062278949118811405,2.711015292183083
s000010-i000040-p000008,s000010-i000040,31,0.7557106598984772,0.04359461656937062,2.6028092828494245
s000010-i000040-p000000,s000010-i000040,5,0.7483926275182169,0.04284288064906603,2.1129590443697475
s000010-i000040-p000003,s000010-i000040,7,0.7464558342420938,0.05291424552968289,4.1585608414779935
s000010-i000040-p000002,s000010-i000040,9,0.740243599304002,0.06299268611039524,3.9803915995720254
s000010-i000040-p000006,s000010-i000040,10,0.6981035366478728,0.06993655614609849,3.579067946678511
s000010-i000040-p000032,s000010-i000040,26,0.6841789252476733,0.10030443980856538,3.747213751960454
s000010-i000040-p000028,s000010-i000040,13,0.6743049190345249,0.07410977956795724,2.197479505457564
s000010-i000040-p000016,s000010-i000040,14,0.6684018740239459,0.0542317412665303,3.27351599106749
s000010-i000040-p000022,s000010-i000040,1,0.6547987616099071,0.051978298318642945,3.1362056038585746
s000025-i000000-p000014,s000025-i000000,0,0.845061533606816,0.053707548894322256,6.729935700621575
s000025-i000000-p000002,s000025-i000000,11,0.8411633109619687,0.07017865393513628,5.557433732208598
s000025-i000000-p000041,s000025-i000000,32,0.8347826086956521,0.07572597292579061,4.886974481432432
s000025-i000000-p000036,s000025-i000000,5,0.8344606621573514,1.1964481083725345,156.0935593224379
s000025-i000000-p000013,s000025-i000000,12,0.8125241592578276,0.05011044490911015,4.056403164834495
s000025-i000000-p000029,s000025-i000000,20,0.8071484681853889,0.06993373808301268,3.4604128446867173
s000025-i000000-p000000,s000025-i000000,7,0.8026964814205854,0.027249401488701083,3.5058472474182327
s000025-i000000-p000003,s000025-i000000,4,0.7938985455835402,0.04362664652296,5.531865135700043
s000025-i000000-p000031,s000025-i000000,40,0.7903903903903904,0.9495836822702088,105.54774782149998
s000025-i000000-p000018,s000025-i000000,10,0.7873880082701585,0.09587153522280137,5.908465555816992
s000025-i000000-p000033,s000025-i000000,26,0.78,0.08232249974832409,2.8858060893911333
s000025-i000000-p000028,s000025-i000000,13,0.7666190135811294,0.04248006331034634,5.285349784055345
s000025-i000000-p000016,s000025-i000000,14,0.7435090479937058,0.10715004918728267,5.790273336403375
s000025-i000000-p000049,s000025-i000000,2,0.7429266808640097,0.04894621653042974,5.335851323933568
s000025-i000000-p000001,s000025-i000000,8,0.73950233281493,0.06650260694291528,2.585546985220359
s000025-i000000-p000008,s000025-i000000,39,0.7358078602620087,0.07014767617126703,5.856381338669492
s000025-i000000-p000011,s000025-i000000,19,0.7319229554783707,0.08242336324141496,2.1741864222472507
s000025-i000000-p000005,s000025-i000000,1,0.7252047315741583,0.06587705646891091,5.422048657658127
s000025-i000000-p000026,s000025-i000000,45,0.7164948453608248,0.8865215034156569,83.05749604053354
s000025-i000000-p000006,s000025-i000000,6,0.7031828275351591,1.0321063630601546,130.28082455134316
s000025-i000000-p000015,s000025-i000000,48,0.7009708737864078,0.04883260585664771,3.0632826536494133
s000025-i000000-p000021,s000025-i000000,15,0.6975182481751825,1.2037611397565289,166.4848669339408
s000025-i000000-p000034,s000025-i000000,54,0.6959234608985025,0.07091921939483126,5.594081657101892
s000025-i000000-p000004,s000025-i000000,9,0.6823988644428672,0.04775803355807357,3.240717138608952
s000025-i000000-p000009,s000025-i000000,28,0.6773722627737226,0.0455601511748027,3.2884259746862066
s000025-i000000-p000012,s000025-i000000,27,0.6724726775956285,0.101684443714586,10.069545780231385
s000025-i000000-p000010,s000025-i000000,3,0.6660739687055477,0.026424965004107584,2.741854512688633
s000025-i000000-p000025,s000025-i000000,33,0.6648381788261108,1.0075066252765097,138.53662497848964
s000025-i000000-p000030,s000025-i000000,21,0.6604271025573425,0.03500506110962629,4.365198022153203
s000025-i000000-p000044,s000025-i000000,25,0.6587263004375303,0.047363077381754604,4.23002165748645
s000025-i000000-p000040,s000025-i000000,37,0.6518960374946741,0.3465358749622511,41.39744600861447
s000025-i000000-p000007,s000025-i000000,38,0.6483687208700155,1.1070481193312738,126.28569465916641
s000025-i000000-p000037,s000025-i000000,23,0.6421096693177062,0.04600854635393045,5.458340951304668
s000025-i000000-p000020,s000025-i000000,44,0.6134453781512605,0.039062625425583856,5.116026045848686
s000025-i000000-p000017,s000025-i000000,29,0.5874186550976139,0.21195319726779338,17.059176267924613
s000025-i000000-p000019,s000025-i000000,17,0.5858375483487057,0.4933457667146082,57.169051075110424
s000025-i000000-p000032,s000025-i000000,22,0.5531242402139558,0.09732457378806428,3.805614288941675
s000025-i000000-p000027,s000025-i000000,50,0.5301837270341208,0.09420759617390266,6.269257603673102
s000025-i000000-p000046,s000025-i000000,42,0.5216310293386375,1.0407485112607318,116.78705611704844
s000025-i000000-p000022,s000025-i000000,16,0.5130293159609121,0.06616764047857326,7.610713237357562
s000025-i000010-p000005,s000025-i000010,20,0.8540305010893247,0.07014040573585437,2.5558430214628913
s000025-i000010-p000004,s000025-i000010,4,0.8513992905005913,0.07554008158994664,6.186812701309804
s000025-i000010-p000017,s000025-i000010,5,0.8432029795158287,0.04951810926467356,4.292307264128898
s000025-i000010-p000018,s000025-i000010,19,0.8385703063629222,0.07194170123015853,3.0499983395553505
s000025-i000010-p000019,s000025-i000010,21,0.8145591465327895,0.04431972523836903,4.349476871175137
s000025-i000010-p000016,s000025-i000010,0,0.8078920041536864,0.07279683469088137,6.736484154709662
s000025-i000010-p000010,s000025-i000010,27,0.7878684030157642,0.06664782542623456,5.838327904474915
s000025-i000010-p000029,s000025-i000010,45,0.7861930294906166,1.2572576481120428,147.98871452611843
s000025-i000010-p000012,s000025-i000010,6,0.7821708317791869,0.07777923313655037,2.558996891468008
s000025-i000010-p000038,s000025-i000010,32,0.7805440295066851,0.05993685363105653,5.3433986785795655
s000025-i000010-p000008,s000025-i000010,39,0.7797894736842105,0.052231567362405015,5.703140748247218
s000025-i000010-p000033,s000025-i000010,13,0.7777777777777778,1.0493373786833287,126.43040512226428
s000025-i000010-p000021,s000025-i000010,12,0.7753682487725041,0.05269708440306989,5.3162687379515425
s000025-i000010-p000000,s000025-i000010,11,0.7741799831791422,0.09396750848359783,7.41521142017872
s000025-i000010-p000030,s000025-i000010,16,0.7511944138184491,0.057173815135193234,3.8827256363001985
s000025-i000010-p000044,s000025-i000010,23,0.7406542056074766,0.08089741619465941,5.979346534100204
s000025-i000010-p000026,s000025-i000010,15,0.7363782051282052,1.1962591820017363,143.35180072566234
s000025-i000010-p000027,s000025-i000010,40,0.7212212212212212,0.3185090861570642,39.9411688189425
s000025-i000010-p000028,s000025-i000010,46,0.7196502057613169,0.16610155591118334,5.500551545924701
s000025-i000010-p000034,s000025-i000010,54,0.7118553960659224,0.8777488796906546,100.87990429931178
s000025-i000010-p000023,s000025-i000010,48,0.7048300536672629,0.07033344967142402,6.074434428928184
s000025-i000010-p000040,s000025-i000010,35,0.7018920166128289,0.08105806031049274,7.941235294543204
s000025-i000010-p000037,s000025-i000010,26,0.6825613079019074,0.06518972082753004,2.8941569737340913
s000025-i000010-p000002,s000025-i000010,8,0.6768695652173913,0.08004563310013897,5.454896330283153
s000025-i000010-p000013,s000025-i000010,17,0.673411430599929,0.054594877820640146,2.9429460747130958
s000025-i000010-p000007,s000025-i000010,3,0.6552677029360967,0.026669312801021448,3.2952676723429795
s000025-i000010-p000022,s000025-i000010,33,0.654089861751152,0.16568321052810944,14.267788753321684
s000025-i000010-p000020,s000025-i000010,38,0.6497695852534562,1.1195945967009175,134.36359309873563
s000025-i000010-p000032,s000025-i000010,14,0.6455399061032864,1.2162317086571248,117.9969715805382
s000025-i000010-p000041,s000025-i000010,22,0.6402291917973462,0.048283031771235704,3.6326961200515773
s000025-i000010-p000036,s000025-i000010,10,0.6322617033276932,0.06323112853160563,5.448141405892532
s000025-i000010-p000011,s000025-i000010,18,0.6236670106639147,0.07196082233263129,5.118652357121875
s000025-i000010-p000014,s000025-i000010,28,0.6211531659002476,1.0561627376251594,136.6692169944277
s000025-i000010-p000001,s000025-i000010,7,0.6140939597315436,0.041278415476509005,3.984385881407718
s000025-i000010-p000039,s000025-i000010,2,0.6117581808097615,0.05786379471716084,5.064473058533105
s000025-i000010-p000003,s000025-i000010,9,0.6036997509782995,0.05078869910478696,4.796289358397467
s000025-i000010-p000046,s000025-i000010,41,0.5953134895503484,0.4307000783798037,50.21414836005033
s000025-i000010-p000015,s000025-i000010,31,0.5818112633181126,0.20103954665610577,17.506791616741374
s000025-i000010-p000009,s000025-i000010,53,0.568870523415978,0.11863202575424424,8.66764619983839
s000025-i000010-p000025,s000025-i000010,29,0.5531505531505532,0.1834532868512376,15.914118549709286
s000025-i000020-p000006,s000025-i000020,5,0.8280898876404494,0.8850970798296596,91.11245255545718
s000025-i000020-p000005,s000025-i000020,0,0.7935192162773173,0.10693827593533838,7.718434866574169
s000025-i000020-p000022,s000025-i000020,10,0.7816011235955056,0.06384881294464695,6.922131858100731
s000025-i000020-p000031,s000025-i000020,32,0.7791072250345145,0.09875896564931498,6.848963323077355
s000025-i000020-p000007,s000025-i000020,7,0.7771664374140302,0.05195181532215123,4.470447542233646
s000025-i000020-p000003,s000025-i000020,4,0.7760714285714285,0.06286244522583502,5.280025647004154
s000025-i000020-p000010,s000025-i000020,20,0.7608125819134993,0.08750209618408868,6.160431097815974
s000025-i000020-p000035,s000025-i000020,13,0.7520053475935828,0.06797725898129946,7.2938146046599694
s000025-i000020-p000029,s000025-i000020,40,0.7452491011813046,0.0716213602526236,7.140593318322254
s000025-i000020-p000032,s000025-i000020,33,0.7433628318584071,1.2405889535341361,149.4378734387521
s000025-i000020-p000016,s000025-i000020,46,0.7348976535197205,0.9442965807393704,113.51162871630363
s000025-i000020-p000034,s000025-i000020,45,0.72808701215611,0.1442725993301673,14.328515706841163
s000025-i000020-p000023,s000025-i000020,1,0.7250625670361102,0.07446673502282893,7.24286339669745
s000025-i000020-p000036,s000025-i000020,54,0.7241192411924119,0.101957321073273,8.42525358432024
s000025-i000020-p000033,s000025-i000020,27,0.7186533837169358,0.07743634583704251,5.905379866986851
s000025-i000020-p000027,s000025-i000020,14,0.7094929470072436,0.06834137289826253,7.269075619555177
s000025-i000020-p000012,s000025-i000020,39,0.7057692307692308,0.055612273810161046,6.350449025783145
s000025-i000020-p000037,s000025-i000020,22,0.6981740064446831,0.030514184196393766,3.4144104626776834
s000025-i000020-p000017,s000025-i000020,16,0.6964218455743879,0.05547981423968039,4.509802833684315
s000025-i000020-p000004,s000025-i000020,11,0.695852534562212,0.12309248051997929,8.252610574470157
s000025-i000020-p000009,s000025-i000020,12,0.6934760096651709,0.0639427769956922,6.127213215788743
s000025-i000020-p000026,s000025-i000020,38,0.6880296610169492,0.3816138576687627,47.448967473494974
s000025-i000020-p000013,s000025-i000020,44,0.6811064718162839,1.1213725835163106,131.96062769530334
s000025-i000020-p000000,s000025-i000020,8,0.6785714285714286,0.0688472734124349,2.856986841601193
s000025-i000020-p000014,s000025-i000020,6,0.6759816059426954,0.05235097364938436,4.684327310035147
s000025-i000020-p000015,s000025-i000020,28,0.6525668835864064,1.0389928636199874,131.15521189478835
s000025-i000020-p000021,s000025-i000020,21,0.6407477648333785,0.039991138945570937,3.7731011386572693
s000025-i000020-p000019,s000025-i000020,48,0.6245505906522856,0.11477640858005414,4.909603724325217
s000025-i000020-p000040,s000025-i000020,26,0.6163934426229508,0.07377576715011619,4.428978900353027
s000025-i000020-p000002,s000025-i000020,9,0.591684434968017,0.06466596641520986,3.724035373784512
s000025-i000020-p000025,s000025-i000020,2,0.5766331658291457,0.05326776730255769,5.514892965573869
s000025-i000020-p000024,s000025-i000020,37,0.5746478873239437,0.07609233594013515,5.108500611091224
s000025-i000020-p000011,s000025-i000020,18,0.5578308684110732,0.09179841250523446,7.914169465966811
s000025-i000020-p000018,s000025-i000020,29,0.55,0.3771958168218615,38.051832241086935
s000025-i000020-p000001,s000025-i000020,3,0.5172524991938084,0.033468883341253836,4.071800820647098
s000025-i000020-p000008,s000025-i000020,19,0.5152483299448156,0.40500410499152484,48.21219360917968
s000025-i000030-p000036,s000025-i000030,45,0.8603916614024005,0.04708903429737371,3.4802932931079793
s000025-i000030-p000007,s000025-i000030,7,0.8473880597014926,0.052434182341316,5.584653779085594
s000025-i000030-p000024,s000025-i000030,13,0.814142910033321,0.040012768320307944,4.515364117983855
s000025-i000030-p000005,s000025-i000030,0,0.7984094052558783,0.07636640681280908,5.571630184143893
s000025-i000030-p000004,s000025-i000030,11,0.793934965290464,0.09069694811950434,3.913989548837097
s000025-i000030-p000029,s000025-i000030,54,0.7923990498812351,0.0949431098193226,8.269418013426229
s000025-i000030-p000021,s000025-i000030,10,0.7907135541140321,0.04737771988505917,4.814202490366285
s000025-i000030-p000028,s000025-i000030,32,0.7901969766376546,0.07153523045887164,5.41820942119811
s000025-i000030-p000000,s000025-i000030,4,0.7831842576028623,0.03771238482887191,4.038009964945572
s000025-i000030-p000013,s000025-i000030,6,0.7813492063492063,0.073131365769562,2.7020901078130417
s000025-i000030-p000026,s000025-i000030,40,0.7633069082672707,0.12628233531806177,7.318252608427736
s000025-i000030-p000010,s000025-i000030,12,0.7520740268028079,0.06462842517769216,4.519604255728921
s000025-i000030-p000001,s000025-i000030,8,0.75,0.08350064011322149,4.155046538399468
s000025-i000030-p000023,s000025-i000030,38,0.726625533934504,0.3797899215269044,45.443322257161334
s000025-i000030-p000008,s000025-i000030,39,0.7243816254416962,0.07824210907459317,5.051385679114127
s000025-i000030-p000012,s000025-i000030,20,0.7231227257691035,0.10293026344684861,4.932032387960757
s000025-i000030-p000038,s000025-i000030,26,0.7096114519427403,0.0747138035018069,4.832735774697158
s000025-i000030-p000025,s000025-i000030,5,0.7059015324421258,0.019180892779580794,1.7179229232982736
s000025-i000030-p000019,s000025-i000030,46,0.6995029371893358,0.09317040687908602,4.7805632598495995
s000025-i000030-p000002,s000025-i000030,44,0.6918429003021148,0.03147652034854551,3.5573888657785484
s000025-i000030-p000014,s000025-i000030,53,0.689002557544757,0.01597250858145617,1.3832900009767823
s000025-i000030-p000020,s000025-i000030,28,0.6855747558226897,1.062888593008557,131.02329362886076
s000025-i000030-p000032,s000025-i000030,17,0.6810084033613445,0.04952701990331012,3.270712577336671
s000025-i000030-p000035,s000025-i000030,37,0.6786110084964906,0.04518292011744532,4.13552468376469
s000025-i000030-p000027,s000025-i000030,27,0.6764705882352942,0.07552713515576367,4.750970166717532
s000025-i000030-p000031,s000025-i000030,14,0.6757352941176471,0.039964951175587654,2.565446198898004
s000025-i000030-p000003,s000025-i000030,3,0.6520960229308491,0.03728680711004569,3.672496769761599
s000025-i000030-p000017,s000025-i000030,21,0.6453608247422681,0.05892545257060802,5.316343111708618
s000025-i000030-p000009,s000025-i000030,2,0.6399268356414947,0.05807082057426567,5.200728901022077
s000025-i000030-p000006,s000025-i000030,9,0.6232434485377896,0.06168568950302745,4.613794613659169
s000025-i000030-p000015,s000025-i000030,48,0.6217616580310881,0.07963184132732685,5.778876833563393
s000025-i000030-p000011,s000025-i000030,18,0.6053759252045189,0.04931516453692017,3.7880523603596643
s000025-i000030-p000033,s000025-i000030,50,0.5812574139976275,0.059139740527509595,4.00420852890972
s000025-i000030-p000042,s000025-i000030,24,0.5120393120393121,1.043376083931913,120.30382920189346
s000025-i000030-p000041,s000025-i000030,34,0.5118323191345504,0.04157901470804433,3.803616461549853
s000025-i000030-p000018,s000025-i000030,1,0.5045254119285217,0.7903426904611079,72.53118600529835
s000025-i000030-p000016,s000025-i000030,33,0.5043616177636796,0.05751913801949765,2.9583063677481403
s000025-i000030-p000037,s000025-i000030,42,0.5017528483786152,0.38734572822338215,45.07404014584468
s000025-i000040-p000019,s000025-i000040,5,0.8692786525082388,0.02996070128947837,1.1982031499548254
s000025-i000040-p000001,s000025-i000040,11,0.864804469273743,0.0773304096039686,2.1808880681365315
s000025-i000040-p000005,s000025-i000040,3,0.8636548636548637,0.01553412936936891,0.7383841240253447
s000025-i000040-p000009,s000025-i000040,6,0.8557004627681952,0.08131632927058877,1.4419770309563482
s000025-i000040-p000011,s000025-i000040,12,0.8541513592946363,0.055073493611128586,3.288516064643132
s000025-i000040-p000000,s000025-i000040,7,0.8473341004986574,0.04560552334088147,3.230758072175347
s000025-i000040-p000004,s000025-i000040,8,0.842327150084317,0.08036471785353588,3.9512684505705513
s000025-i000040-p000036,s000025-i000040,20,0.8374193548387097,0.08365022049829467,3.0750146366798763
s000025-i000040-p000002,s000025-i000040,4,0.8317054845980466,0.04706004162693486,2.6447914693984025
s000025-i000040-p000031,s000025-i000040,45,0.8242280285035629,0.7359879366341918,64.71393786324586
s000025-i000040-p000008,s000025-i000040,0,0.8181818181818182,0.050456624339143614,3.2885146458233723
s000025-i000040-p000006,s000025-i000040,39,0.8157193605683837,0.07803017866845134,3.210040146458818
s000025-i000040-p000023,s000025-i000040,19,0.8111946532999165,1.0116663612821195,122.68082244054828
s000025-i000040-p000034,s000025-i000040,32,0.8046272493573264,0.057383351646201494,4.921158088488254
s000025-i000040-p000022,s000025-i000040,13,0.7960426179604262,1.0239285937089384,120.59799210321417
s000025-i000040-p000024,s000025-i000040,40,0.7941919191919192,0.9503526747937054,108.96273760401105
s000025-i000040-p000033,s000025-i000040,54,0.7894736842105263,0.06234288124156575,3.2348017120158516
s000025-i000040-p000029,s000025-i000040,10,0.788787023977433,0.059072658035099763,2.761464800630736
s000025-i000040-p000012,s000025-i000040,21,0.7651271034729681,0.05311208771624757,5.366751875596502
s000025-i000040-p000010,s000025-i000040,44,0.7395192845164896,0.11493325431429789,5.218264153381452
s000025-i000040-p000017,s000025-i000040,37,0.7374085234610418,0.05737335139522316,3.0701335047751552
s000025-i000040-p000028,s000025-i000040,28,0.7272368939692551,1.052372370856874,126.38958574607712
s000025-i000040-p000020,s000025-i000040,38,0.7234886025768087,1.1146179644008123,130.54090244002754
s000025-i000040-p000014,s000025-i000040,27,0.7217221135029355,0.0879888190070659,5.073897299330105
s000025-i000040-p000021,s000025-i000040,29,0.7191245440333507,0.3443434621800047,39.32867172168937
s000025-i000040-p000046,s000025-i000040,23,0.7154942119323241,1.1198098221911488,142.8257408403193
s000025-i000040-p000027,s000025-i000040,46,0.7050495516753186,0.11149110463584762,4.414093408140151
s000025-i000040-p000018,s000025-i000040,50,0.7023311416616856,0.05180775739714032,3.4831140436456844
s000025-i000040-p000032,s000025-i000040,48,0.6960659898477157,0.06103557548339385,4.095952187913964
s000025-i000040-p000026,s000025-i000040,26,0.6956521739130435,0.09384449528216382,3.7624534160248833
s000025-i000040-p000035,s000025-i000040,53,0.6932642487046632,0.5881683379637328,36.05029048046056
s000025-i000040-p000025,s000025-i000040,14,0.6695884146341463,1.1420505213283692,122.66525055773366
s000025-i000040-p000016,s000025-i000040,18,0.6589805825242718,0.06056334249773989,2.93572606953615
s000025-i000040-p000037,s000025-i000040,2,0.6516250335750738,0.44332715080179785,48.41136291468898
s000025-i000040-p000003,s000025-i000040,9,0.6363293051359517,0.05522078730893271,3.4583410479902534
s000025-i000040-p000038,s000025-i000040,42,0.6186440677966102,0.38104970321516596,44.39328261924315
s000025-i000040-p000013,s000025-i000040,17,0.56720741599073,1.2023178087669693,102.12989034506339
s000025-i000040-p000007,s000025-i000040,1,0.5170128148475475,0.5503447080018312,62.75134989967332
s000030-i000000-p000002,s000030-i000000,15,0.8333545512412476,0.0343748633174734,3.9608396866024402
s000030-i000000-p000006,s000030-i000000,12,0.8306159420289855,0.05022666933543218,5.246325384083591
s000030-i000000-p000001,s000030-i000000,11,0.827945205479452,0.03722125965366251,4.077221395954629
s000030-i000000-p000005,s000030-i000000,8,0.813677158387056,0.038214964796906795,4.70164586289518
s000030-i000000-p000009,s000030-i000000,16,0.8081272084805654,0.0666355618585585,4.256881480632937
s000030-i000000-p000003,s000030-i000000,0,0.7981992017079736,0.055054113771806745,2.003131161402971
s000030-i000000-p000013,s000030-i000000,4,0.7976190476190477,0.7553658463704038,86.98393914904022
s000030-i000000-p000012,s000030-i000000,3,0.7899351429257747,0.03405554357052338,3.6083460649826784
s000030-i000000-p000000,s000030-i000000,6,0.7827613727055068,0.041061465658860166,4.514655239269683
s000030-i000000-p000007,s000030-i000000,18,0.7611760453066635,0.03829420346155632,4.151716434222015
s000030-i000000-p000022,s000030-i000000,17,0.7551982851018221,0.5204071322184023,64.95934903013112
s000030-i000000-p000018,s000030-i000000,14,0.7342044326827655,0.03830493988267733,2.35541767926379
s000030-i000000-p000019,s000030-i000000,7,0.7313483336152935,0.10826807096471695,9.896793891633989
s000030-i000000-p000021,s000030-i000000,5,0.6898580121703854,0.03944577255059095,4.270181745435978
s000030-i000000-p000011,s000030-i000000,13,0.6895982922569377,0.0164260759400972,2.2162685969887925
s000030-i000000-p000016,s000030-i000000,2,0.6855324074074074,0.0396073486978065,3.604484282759163
s000030-i000000-p000014,s000030-i000000,1,0.6806876790830946,0.03930439969252008,4.738645556008763
s000030-i000000-p000010,s000030-i000000,19,0.6362047440699126,0.050589631401845296,3.174110676265681
s000030-i000000-p000004,s000030-i000000,10,0.5946462715105163,0.039603481500830845,3.3865955869231525
s000030-i000000-p000015,s000030-i000000,20,0.5777808560742486,0.05158075364978459,6.358960745842817
s000030-i000000-p000008,s000030-i000000,9,0.5386078356789654,0.049461559476200616,5.4433926801301515
s000030-i000010-p000004,s000030-i000010,12,0.8727598566308243,0.04111044427749528,3.9106229215049337
s000030-i000010-p000002,s000030-i000010,8,0.8669489636728326,0.07812859781279896,4.599090728832791
s000030-i000010-p000008,s000030-i000010,16,0.8145142038672715,0.03484239261862923,2.777961053686937
s000030-i000010-p000013,s000030-i000010,11,0.8115660308589479,0.04107786693779178,3.945277672408522
s000030-i000010-p000005,s000030-i000010,15,0.8088445078459344,0.03632881845849948,3.084787590080878
s000030-i000010-p000014,s000030-i000010,6,0.7942376950780312,0.163615042034142,17.829997910696665
s000030-i000010-p000000,s000030-i000010,0,0.7855153203342619,0.0403564748813128,4.165636475069119
s000030-i000010-p000024,s000030-i000010,17,0.7562189054726368,0.048098831262074745,4.899368350937056
s000030-i000010-p000016,s000030-i000010,14,0.7420482930890924,0.09598471965385699,10.014645088264121
s000030-i000010-p000009,s000030-i000010,4,0.7205240174672489,0.14667788818293004,13.232774078403816
s000030-i000010-p000003,s000030-i000010,3,0.7116003738705993,0.03343648289466949,3.578496495602326
s000030-i000010-p000018,s000030-i000010,9,0.710076473234368,0.04609560864850403,5.1834008730392584
s000030-i000010-p000023,s000030-i000010,7,0.6765315739868049,0.05444347400147133,5.106138177384069
s000030-i000010-p000010,s000030-i000010,13,0.6649329634766528,0.04978792948722784,3.4907834302318332
s000030-i000010-p000007,s000030-i000010,18,0.6628133102852204,0.05432456631142124,4.332310900808358
s000030-i000010-p000015,s000030-i000010,1,0.6587125416204217,0.04474330277231633,4.965724698288437
s000030-i000010-p000006,s000030-i000010,19,0.6349853484520321,0.04102162005386495,3.9614323079079465
s000030-i000010-p000001,s000030-i000010,10,0.6342406876790831,0.03704400421333665,4.9319853670314275
s000030-i000010-p000012,s000030-i000010,2,0.62094317823758,0.050124138136859155,2.730168252547326
s000030-i000010-p000020,s000030-i000010,5,0.5968134543040495,0.6288254673546312,76.61382631767307
s000030-i000010-p000021,s000030-i000010,20,0.5380861077218059,0.038184723659014805,5.005213174657923
s000030-i000020-p000014,s000030-i000020,11,0.8575508746876116,0.04711916360160794,4.296973087885282
s000030-i000020-p000004,s000030-i000020,12,0.8505864935656531,0.0572640893014315,4.660764188880187
s000030-i000020-p000005,s000030-i000020,15,0.8300094966761633,0.034790942013355405,4.053244483004354
s000030-i000020-p000001,s000030-i000020,8,0.8083377308707124,0.048829242614079234,4.686682016950555
s000030-i000020-p000007,s000030-i000020,4,0.7592592592592593,0.06091799472176891,6.989210919453034
s000030-i000020-p000009,s000030-i000020,2,0.7583110636023517,0.05979854578811928,4.367748230907048
s000030-i000020-p000024,s000030-i000020,17,0.74432526814667,0.04223217305853971,5.161327138625288
s000030-i000020-p000002,s000030-i000020,0,0.7353933769246994,0.039324744070045235,4.582701508925206
s000030-i000020-p000006,s000030-i000020,6,0.7213779128672746,0.7129738735502258,85.00475071160128
s000030-i000020-p000011,s000030-i000020,1,0.7073115860517435,0.039246772833404185,4.332290599741243
s000030-i000020-p000013,s000030-i000020,5,0.680835734870317,0.4077149928581531,45.18107444308645
s000030-i000020-p000015,s000030-i000020,14,0.6770974289580515,0.09205006931826913,10.999931329883788
s000030-i000020-p000019,s000030-i000020,7,0.6529363110008272,0.04618537928485485,4.5915237021882325
s000030-i000020-p000010,s000030-i000020,18,0.624390243902439,0.04278915681386904,4.833858374956576
s000030-i000020-p000012,s000030-i000020,16,0.6173813607775872,0.05330930431060251,4.8807507847570495
s000030-i000020-p000000,s000030-i000020,3,0.6126327557294577,0.03819402300862028,5.057808002848761
s000030-i000020-p000021,s000030-i000020,9,0.6057824690224873,0.3376302556698321,36.64034314827222
s000030-i000020-p000003,s000030-i000020,10,0.5720751611575916,0.045286942078379334,5.9061140284334614
s000030-i000030-p000008,s000030-i000030,12,0.8271226415094339,0.06059689930861305,5.1289920687541235
s000030-i000030-p000005,s000030-i000030,15,0.8172247732108858,0.035207732730052725,3.613900851469861
s000030-i000030-p000016,s000030-i000030,6,0.8099378881987578,0.699697081255279,88.41034855892796
s000030-i000030-p000018,s000030-i000030,17,0.7978169188786901,0.06631441495397664,6.102720831868161
s000030-i000030-p000007,s000030-i000030,8,0.7913269526172751,0.05581416589517518,6.56084706305333
s000030-i000030-p000003,s000030-i000030,14,0.7784334763948498,0.045236405200107375,5.269093991418414
s000030-i000030-p000011,s000030-i000030,1,0.7713878326996197,0.0846233790853916,7.556642802545502
s000030-i000030-p000019,s000030-i000030,5,0.7594587822600852,0.31534912763439554,31.88513350980304
s000030-i000030-p000009,s000030-i000030,4,0.7523474178403756,0.06912039959342246,6.804128137121468
s000030-i000030-p000006,s000030-i000030,18,0.7517269402681837,0.0540851665487874,6.595977625726558
s000030-i000030-p000013,s000030-i000030,2,0.749641662685141,0.03525939471364791,4.3053979660145005
s000030-i000030-p000002,s000030-i000030,0,0.7242234685073339,0.05189491016157569,3.5915600575175377
s000030-i000030-p000012,s000030-i000030,7,0.7232205042485026,0.04605866841705468,4.26998988957349
s000030-i000030-p000000,s000030-i000030,3,0.6836058926882012,0.04431427409932413,4.107509577959547
s000030-i000030-p000022,s000030-i000030,9,0.6751529987760098,0.31739115201298956,33.02406541111102
s000030-i000030-p000010,s000030-i000030,16,0.6473895582329318,0.07032397448260165,4.59772688111309
s000030-i000030-p000001,s000030-i000030,10,0.6319836597380752,0.040516669111529166,4.501618701654385
s000030-i000030-p000004,s000030-i000030,19,0.6102135025966532,0.043530842553720465,2.2241561449862806
s000030-i000030-p000021,s000030-i000030,20,0.5170350673092904,0.04841264060402524,5.73887365538293
s000030-i000040-p000004,s000030-i000040,8,0.8602711157455682,0.052454191649956274,5.0260917515899575
s000030-i000040-p000003,s000030-i000040,0,0.8530556432102662,0.046189279239488595,3.5967792101942924
s000030-i000040-p000008,s000030-i000040,12,0.8387501568578241,0.05429797718222408,5.278019733997449
s000030-i000040-p000006,s000030-i000040,15,0.8154657293497364,0.04054399452152478,4.569420227343867
s000030-i000040-p000007,s000030-i000040,4,0.7965966498271736,0.6203441176839629,73.94757827591353
s000030-i000040-p000014,s000030-i000040,6,0.7930693069306931,0.07085485866292894,6.057087322115323
s000030-i000040-p000012,s000030-i000040,2,0.7776525115871227,0.05913140049440454,5.9330800815713465
s000030-i000040-p000021,s000030-i000040,17,0.7660460558549731,0.0519410543458365,3.6945203142685155
s000030-i000040-p000001,s000030-i000040,3,0.7567911714770797,0.03213438390409472,3.249171256212548
s000030-i000040-p000000,s000030-i000040,18,0.7456828885400314,0.06846319180933426,7.429711982127341
s000030-i000040-p000009,s000030-i000040,16,0.7388542665388304,0.057696090723076486,4.557683282164768
s000030-i000040-p000020,s000030-i000040,9,0.7301360057265569,0.049210972304970714,5.4790849396592884
s000030-i000040-p000011,s000030-i000040,1,0.7299891995679827,0.07403205599538182,5.8078694407469404
s000030-i000040-p000016,s000030-i000040,7,0.714659305535377,0.07234300848341543,7.601021334635221
s000030-i000040-p000005,s000030-i000040,19,0.7036820572764465,0.016353342554233357,2.0155900409328167
s000030-i000040-p000019,s000030-i000040,5,0.6875458771715195,0.11401990531681483,12.23463585270918
s000030-i000040-p000013,s000030-i000040,14,0.6812003530450133,0.04831276189156268,5.725257902771943
s000030-i000040-p000002,s000030-i000040,10,0.6271693596648713,0.04831564746698656,4.40650475041569
s000030-i000040-p000010,s000030-i000040,13,0.5757264957264957,0.02856125459506724,3.6480742521920586
s000030-i000040-p000017,s000030-i000040,20,0.5452140077821012,0.031176515042821772,3.9178135418811944
s000040-i000000-p000002,s000040-i000000,4,0.7372671831218065,0.03725557745941159,3.784657324230147
s000040-i000000-p000006,s000040-i000000,26,0.736332767402377,0.03614114787234648,4.277390989937761
s000040-i000000-p000011,s000040-i000000,21,0.7186893727096357,0.05323031780081613,6.310158068457726
s000040-i000000-p000005,s000040-i000000,8,0.7185681537647681,0.042124095117801005,5.032361109091215
s000040-i000000-p000000,s000040-i000000,5,0.6927573887625853,0.0449313522687317,4.601256955465102
s000040-i000000-p000001,s000040-i000000,0,0.6771641791044776,0.03917604910776865,4.223119632705957
s000040-i000000-p000009,s000040-i000000,2,0.6475485661424607,0.04316983400867405,4.822849953737082
s000040-i000000-p000014,s000040-i000000,15,0.6038227628149435,0.09781531185662745,8.769795263120123
s000040-i000000-p000015,s000040-i000000,6,0.5866185797786345,0.060748123989458745,5.514181664477578
s000040-i000000-p000007,s000040-i000000,3,0.5614464032942993,0.039787953301295205,4.43097020520769
s000040-i000000-p000016,s000040-i000000,16,0.5584662110858011,0.1347169599765023,8.001527278893684
s000040-i000000-p000026,s000040-i000000,23,0.5253388946819604,0.04202096438641546,4.961195431050911
s000040-i000000-p000008,s000040-i000000,17,0.5213174378662356,0.08894924670739617,5.1716980963189645
s000040-i000000-p000019,s000040-i000000,11,0.514721919302072,0.05872297230927632,4.237366055157496
s000040-i000010-p000012,s000040-i000010,4,0.7550234427327528,0.036899684783260334,3.1563142636501205
s000040-i000010-p000006,s000040-i000010,26,0.7153269892690828,0.04786729764028919,4.747435977674028
s000040-i000010-p000001,s000040-i000010,8,0.6893758055606702,0.04132490654429303,4.108534101300293
s000040-i000010-p000008,s000040-i000010,5,0.6787129497543192,0.0436965134087913,4.126100639798818
s000040-i000010-p000000,s000040-i000010,6,0.6759031464456817,0.03430812105266667,4.15149629174377
s000040-i000010-p000009,s000040-i000010,13,0.6528796975761619,1.1786531933584545,143.87489164022008
s000040-i000010-p000007,s000040-i000010,0,0.637944181790453,0.042568478268685414,3.047819643866094
s000040-i000010-p000013,s000040-i000010,11,0.5922531558014871,0.04126589446414937,3.2751250970262507
s000040-i000010-p000014,s000040-i000010,16,0.5815804434337691,0.0705057762771541,4.0786644097508935
s000040-i000010-p000004,s000040-i000010,3,0.5807716635041114,0.02447160669814865,2.806647356018301
s000040-i000010-p000011,s000040-i000010,25,0.5773368395888119,0.05151045748297754,3.466298244373504
s000040-i000010-p000017,s000040-i000010,21,0.5734321249007674,0.054516892256980004,5.6841643823964345
s000040-i000010-p000003,s000040-i000010,2,0.5721296847114813,0.05351920821518669,4.257888288452511
s000040-i000010-p000002,s000040-i000010,1,0.5718008503634618,0.04976412764099851,5.103662964860674
s000040-i000010-p000015,s000040-i000010,15,0.5625617711010081,0.10196020701866684,4.937079131184463
s000040-i000010-p000035,s000040-i000010,23,0.5480815930063138,0.054245113682212895,4.622725241162477
s000040-i000010-p000027,s000040-i000010,10,0.5454983148772268,0.05444140023809317,3.229423248019889
s000040-i000010-p000025,s000040-i000010,7,0.5015974440894568,0.03925056439800765,4.530537913941446
s000040-i000020-p000005,s000040-i000020,4,0.6963870367498837,0.03761436499844236,4.550407227808041
s000040-i000020-p000002,s000040-i000020,2,0.6705674241393387,0.060437659858173266,4.764110168980911
s000040-i000020-p000001,s000040-i000020,3,0.6394962634929422,0.03915444860690339,4.480025246872396
s000040-i000020-p000010,s000040-i000020,7,0.6389259753745735,0.05407204583355831,6.31814152189333
s000040-i000020-p000008,s000040-i000020,6,0.6321560808886357,0.05449145221333274,6.251119437164828
s000040-i000020-p000007,s000040-i000020,26,0.6231544832553115,0.05331861534023046,6.390493328692551
s000040-i000020-p000003,s000040-i000020,5,0.621870882740448,0.05602664861331352,4.734049165421497
s000040-i000020-p000013,s000040-i000020,11,0.6100662726132904,0.07344243039621066,6.461515385666769
s000040-i000020-p000012,s000040-i000020,12,0.6004954582989265,0.057216147327862,6.128442598378414
s000040-i000020-p000011,s000040-i000020,8,0.5942740979163137,0.06726099115972109,6.513111042876404
s000040-i000020-p000034,s000040-i000020,23,0.5838287752675386,0.09221000800868594,5.699058498330614
s000040-i000020-p000019,s000040-i000020,25,0.5669797330696985,0.0742177029758028,5.539609671823137
s000040-i000020-p000004,s000040-i000020,0,0.5515448603683898,0.05872829418804045,5.266001684904273
s000040-i000020-p000016,s000040-i000020,21,0.5505813953488372,0.072962989436544,7.63931392613736
s000040-i000020-p000017,s000040-i000020,9,0.5505409060175794,0.04752956689925773,4.4411478134844256
s000040-i000020-p000020,s000040-i000020,16,0.5487653224373779,0.05238822349474924,4.748654771446982
s000040-i000020-p000000,s000040-i000020,1,0.5094159388646288,0.060072661732668085,7.299372481291934
s000040-i000020-p000015,s000040-i000020,17,0.5051032518395443,0.07192518579660333,5.704624050594664
s000040-i000030-p000002,s000040-i000030,3,0.7288963517020303,0.03956227526702873,4.510722355538388
s000040-i000030-p000003,s000040-i000030,4,0.7255655774064764,0.04711458453388145,3.3870836553231847
s000040-i000030-p000000,s000040-i000030,2,0.6997428528210559,0.04684014540167966,4.802077468664911
s000040-i000030-p000009,s000040-i000030,8,0.6792009400705052,0.05944033433840691,5.07076914034837
s000040-i000030-p000010,s000040-i000030,0,0.6611732688237073,0.03881023448491563,4.281447313055262
s000040-i000030-p000006,s000040-i000030,6,0.6455327211776709,0.04268268839112474,4.844091488418199
s000040-i000030-p000001,s000040-i000030,5,0.6390507318459571,0.04917996742838038,4.891318977802284
s000040-i000030-p000014,s000040-i000030,12,0.6304115037478966,0.05472431840090485,6.134448078217336
s000040-i000030-p000005,s000040-i000030,21,0.623229461756374,0.05236124504925462,6.261671942679512
s000040-i000030-p000007,s000040-i000030,7,0.5974667902378745,0.04445580022053728,4.874048181961506
s000040-i000030-p000008,s000040-i000030,17,0.5872911169744943,0.07600409654469023,4.567489566803279
s000040-i000030-p000011,s000040-i000030,26,0.5767279644895371,0.03176222018720017,3.839656207115647
s000040-i000030-p000017,s000040-i000030,25,0.5694407278565694,0.05114582583860793,4.378894638737421
s000040-i000030-p000018,s000040-i000030,20,0.5609157808667212,0.06822473113986617,5.423783492716212
s000040-i000030-p000015,s000040-i000030,11,0.5600556231531375,0.04294931971483921,4.105470792815679
s000040-i000030-p000004,s000040-i000030,1,0.5586014445173999,0.05537001411514698,6.0758564198919505
s000040-i000030-p000019,s000040-i000030,9,0.5434971349192568,0.04995698081240212,4.6078213433914925
s000040-i000030-p000033,s000040-i000030,23,0.5358047432650241,0.04979972902081292,4.765353640605274
s000040-i000040-p000006,s000040-i000040,4,0.7540089801154586,0.053185627850226735,2.81167460415794
s000040-i000040-p000023,s000040-i000040,23,0.7489027489027489,0.05856709639788005,4.390374508150819
s000040-i000040-p000012,s000040-i000040,8,0.7377161444958055,0.02417673796984199,2.6630496069549596
s000040-i000040-p000000,s000040-i000040,3,0.7041919715597689,0.032669448368262015,3.691435922285893
s000040-i000040-p000001,s000040-i000040,2,0.6983286447128909,0.04164777468437294,3.5267085809907766
s000040-i000040-p000008,s000040-i000040,11,0.6934796854521625,0.055716026777308594,1.8830789991974544
s000040-i000040-p000007,s000040-i000040,21,0.6676300578034682,0.06653317248231048,5.336731748910455
s000040-i000040-p000002,s000040-i000040,6,0.6516345592527729,0.0362855408430806,4.225307981905505
s000040-i000040-p000014,s000040-i000040,12,0.6253701106436029,0.044765687264960656,4.2075289135857625
s000040-i000040-p000018,s000040-i000040,20,0.6221030453936027,0.08853410540265132,5.020290930790595
s000040-i000040-p000010,s000040-i000040,26,0.6154337753634765,0.021091049659890275,2.127480514652946
s000040-i000040-p000004,s000040-i000040,7,0.6041935483870968,0.028490249702816033,2.8093452017473206
s000040-i000040-p000009,s000040-i000040,17,0.5830985915492958,0.0971262633540276,4.726060907230854
s000040-i000040-p000016,s000040-i000040,9,0.5727842435094002,0.0639069360915835,4.397733418985672
s000040-i000040-p000013,s000040-i000040,25,0.5273582569943055,0.053558385364405554,3.362442343796405
s000040-i000040-p000029,s000040-i000040,18,0.5246231155778894,0.03706443966517667,3.2021858035423794
s000040-i000040-p000015,s000040-i000040,15,0.5187385740402194,0.108641442632763,4.936301490583528
s000040-i000040-p000020,s000040-i000040,5,0.512488928255093,0.07747275174404776,4.560037962439142
s000040-i000040-p000003,s000040-i000040,1,0.5013610071452875,0.049314768234913604,5.484805910849788
s000065-i000000-p000000,s000065-i000000,1,0.8162993245645218,0.02723110232426763,4.637841651461837
s000065-i000000-p000001,s000065-i000000,7,0.7473710358532748,0.020946576575788953,4.2994940839882725
s000065-i000000-p000005,s000065-i000000,6,0.7375951693357836,0.03424669685404656,1.595265185513119
s000065-i000000-p000002,s000065-i000000,5,0.7004000432479187,0.05893434286207889,4.7978843282360915
s000065-i000000-p000003,s000065-i000000,4,0.6529862414008756,0.026519061067682367,2.3571269419862744
s000065-i000000-p000006,s000065-i000000,2,0.6463133640552995,0.6129974842853699,150.19395338505083
s000065-i000000-p000004,s000065-i000000,9,0.5941759603469641,0.025585429648943732,3.114177890645521
s000065-i000000-p000008,s000065-i000000,3,0.5417598806860552,0.02468410443027167,3.8755602826543365
s000065-i000000-p000007,s000065-i000000,8,0.5049692808095411,0.019147661640102946,4.007062170319986
s000065-i000010-p000000,s000065-i000010,1,0.779126213592233,0.025730198001203606,2.8641365615123378
s000065-i000010-p000001,s000065-i000010,4,0.7736973504067005,0.043765628336384,4.145742235081642
s000065-i000010-p000002,s000065-i000010,7,0.751752184823051,0.02490148508337816,4.311811694810749
s000065-i000010-p000003,s000065-i000010,6,0.7097460444089881,0.02255875443738095,3.7453897636496074
s000065-i000010-p000006,s000065-i000010,8,0.7038200425575033,0.02084599765462411,4.33163460836416
s000065-i000010-p000005,s000065-i000010,2,0.5889056867077567,0.061451388173208644,7.291028953595205
s000065-i000010-p000007,s000065-i000010,9,0.567667260239125,0.025833873937718032,4.578206333066647
s000065-i000010-p000004,s000065-i000010,5,0.5640172520024646,0.036940549461947345,6.6235845548638155
s000065-i000010-p000009,s000065-i000010,3,0.5473710317460317,0.030654356789813986,5.731747849208472
s000065-i000010-p000010,s000065-i000010,0,0.5325850226168537,0.0420015504234223,7.401647287265147
s000065-i000020-p000000,s000065-i000020,1,0.7501916296182738,0.028032837828231263,4.3858318204765006
s000065-i000020-p000001,s000065-i000020,4,0.7454469156525388,0.03306095241505985,3.7128143164469103
s000065-i000020-p000007,s000065-i000020,6,0.6362911795961743,0.04760710521275325,5.795684523745747
s000065-i000020-p000009,s000065-i000020,8,0.6093701520322681,0.3306668360580631,77.4575165004517
s000065-i000020-p000006,s000065-i000020,2,0.5663542751359482,0.06997453633639994,7.19909658906714
s000065-i000020-p000003,s000065-i000020,7,0.5634784104593153,0.03718128919681142,6.232205062316211
s000065-i000020-p000005,s000065-i000020,9,0.5409778812572759,0.3250822242663908,73.70414016521372
s000065-i000020-p000002,s000065-i000020,3,0.5344626923574292,0.04507342684758758,5.960592598127885
s000065-i000030-p000000,s000065-i000030,1,0.7988905447921841,0.018443768904149577,3.8276132093907087
s000065-i000030-p000001,s000065-i000030,4,0.7620847743907343,0.026631973746009157,1.4369079509600793
s000065-i000030-p000005,s000065-i000030,7,0.7220810166799047,0.02352322590836996,4.03203509494295
s000065-i000030-p000006,s000065-i000030,6,0.6841220584432377,0.0493533325671507,7.323176749956371
s000065-i000030-p000003,s000065-i000030,0,0.666810829513018,0.025970425851762124,4.581648595709311
s000065-i000030-p000007,s000065-i000030,9,0.6396212847555129,0.3287200955592632,76.4130932269681
s000065-i000030-p000004,s000065-i000030,2,0.601375,0.784049944194675,180.58532790023747
s000065-i000030-p000002,s000065-i000030,8,0.5509676268616784,0.3795149879021236,80.64697916176856
s000065-i000030-p000009,s000065-i000030,3,0.5230832084978891,0.02865050713458362,5.079826308654482
s000065-i000040-p000002,s000065-i000040,7,0.7675886701553285,0.03291030587494597,2.814704181123747
s000065-i000040-p000000,s000065-i000040,1,0.7144774516821761,0.02106786821192381,2.3983400761082154
s000065-i000040-p000007,s000065-i000040,9,0.6629950495049505,0.010535249720108882,1.7639283548087434
s000065-i000040-p000001,s000065-i000040,5,0.6589580686149936,0.05605603155906876,4.848567628629177
s000065-i000040-p000003,s000065-i000040,2,0.6423152570946895,0.7967024686249461,178.8473053689194
s000065-i000040-p000012,s000065-i000040,4,0.6248817000774327,0.038044072535677376,4.647691551911428
s000065-i000040-p000006,s000065-i000040,0,0.6080476900149031,0.012241502049370212,2.04560595250017
s000065-i000040-p000008,s000065-i000040,6,0.5812985571587126,0.028659245367667577,4.249531193633056
s000065-i000040-p000004,s000065-i000040,8,0.5651226158038147,0.018343701360691925,4.162138594814802
s000065-i000040-p000005,s000065-i000040,3,0.5420508521933501,0.017728115475814547,3.1997847807482334
