item_id,pose_max_abs,rotation_element_max_abs,translation_max_abs_m,top_score_abs,score_margin_abs
s000010-i000000-p000000,1.3643489480018616,1.3643489480018616,4.250183701515198e-05,0.01171875,0.0
s000010-i000000-p000001,0.0009269416332244873,0.0009269416332244873,1.2099742889404297e-05,0.005859375,0.001953125
s000010-i000000-p000002,0.0012472569942474365,0.0012472569942474365,4.011893179267645e-05,0.03125,0.0
s000010-i000000-p000003,1.4402875900268555,1.4402875900268555,0.03581181447952986,0.693359375,0.009765625
s000010-i000000-p000004,0.0009719729423522949,0.0009719729423522949,4.0683895349502563e-05,0.0234375,0.0078125
s000010-i000000-p000005,0.0031073391437530518,0.0031073391437530518,1.977384090423584e-05,0.015625,0.015625
s000010-i000000-p000006,0.0009215697646141052,0.0009215697646141052,3.2901763916015625e-05,0.33203125,0.01171875
s000010-i000000-p000007,0.0027965158224105835,0.0027965158224105835,5.1081180572509766e-05,0.1484375,0.0078125
s000010-i000000-p000008,0.0019934773445129395,0.0019934773445129395,6.967037916183472e-05,0.01953125,0.0
s000010-i000000-p000009,0.007225111126899719,0.007225111126899719,7.303804159164429e-05,0.109375,0.0
s000010-i000000-p000010,0.000695984810590744,0.000695984810590744,5.322694778442383e-05,0.046875,0.015625
s000010-i000000-p000011,1.1097359359264374,1.1097359359264374,0.00012245774269104004,0.0234375,0.015625
s000010-i000000-p000012,0.0006413161754608154,0.0006413161754608154,1.0833144187927246e-05,0.015625,0.015625
s000010-i000000-p000013,0.000695936381816864,0.000695936381816864,1.3284385204315186e-05,0.015625,0.03125
s000010-i000000-p000014,6.431341171264648e-05,6.431341171264648e-05,5.4836273193359375e-06,0.09375,0.0078125
s000010-i000000-p000015,0.00026285648345947266,0.00026285648345947266,5.938112735748291e-06,0.078125,0.0
s000010-i000000-p000016,1.3897903561592102,1.3897903561592102,6.836652755737305e-05,0.03125,0.015625
s000010-i000000-p000017,1.3590604960918427,1.3590604960918427,2.977997064590454e-05,0.01171875,0.00390625
s000010-i000000-p000018,1.380867063999176,1.380867063999176,2.4020671844482422e-05,0.0625,0.015625
s000010-i000000-p000019,0.0008046478033065796,0.0008046478033065796,1.8030405044555664e-05,0.0625,0.0
s000010-i000000-p000020,0.006608068943023682,0.006608068943023682,3.215484321117401e-05,0.015625,0.015625
s000010-i000000-p000021,0.0023365914821624756,0.0023365914821624756,4.4658780097961426e-05,0.046875,0.0
s000010-i000000-p000022,0.003226205240935087,0.003226205240935087,2.4318695068359375e-05,0.716796875,0.068359375
s000010-i000000-p000023,0.00087013840675354,0.00087013840675354,1.1324882507324219e-05,0.0390625,0.0
s000010-i000000-p000024,0.001016378402709961,0.001016378402709961,1.4971941709518433e-05,0.0361328125,0.0029296875
s000010-i000000-p000025,1.6811135411262512,1.6811135411262512,0.00018822401762008667,0.046875,0.015625
s000010-i000000-p000026,0.0020572394132614136,0.0020572394132614136,0.00010305270552635193,0.0078125,0.0
s000010-i000000-p000027,0.0009759962558746338,0.0009759962558746338,1.391582190990448e-05,0.015625,0.0078125
s000010-i000000-p000028,0.00023028254508972168,0.00023028254508972168,5.938112735748291e-06,0.02734375,0.0078125
s000010-i000000-p000029,0.0006950497627258301,0.0006950497627258301,1.730024814605713e-05,0.03125,0.0078125
s000010-i000000-p000030,0.00024271011352539062,0.00024271011352539062,1.0171905159950256e-05,0.001953125,0.0078125
s000010-i000000-p000031,1.3827376961708069,1.3827376961708069,0.00019727647304534912,0.14453125,0.00390625
s000010-i000000-p000032,0.0013206005096435547,0.0013206005096435547,1.9222497940063477e-05,0.0400390625,0.0048828125
s000010-i000000-p000033,0.0025382936000823975,0.0025382936000823975,5.257129669189453e-05,0.0625,0.0
s000010-i000000-p000034,1.7567847967147827,1.7567847967147827,0.0001157522201538086,0.08203125,0.00390625
s000010-i000000-p000035,0.00041428208351135254,0.00041428208351135254,1.1265277862548828e-05,0.013671875,0.001953125
s000010-i000000-p000036,1.3623206615447998,1.3623206615447998,7.009506225585938e-05,0.1640625,0.015625
s000010-i000000-p000037,0.0009650960564613342,0.0009650960564613342,1.5854835510253906e-05,0.0,0.0
s000010-i000010-p000000,1.0222894586622715,1.0222894586622715,0.00018646195530891418,0.09765625,0.0078125
s000010-i000010-p000001,0.00026567280292510986,0.00026567280292510986,9.037554264068604e-06,0.125,0.0
s000010-i000010-p000002,1.3780977725982666,1.3780977725982666,7.194280624389648e-05,0.0615234375,0.0
s000010-i000010-p000003,0.00029224157333374023,0.00029224157333374023,1.0833144187927246e-05,0.03125,0.0
s000010-i000010-p000004,1.9628137350082397,1.9628137350082397,7.687462493777275e-05,0.046875,0.00390625
s000010-i000010-p000005,0.0,0.0,0.0,0.015625,0.015625
s000010-i000010-p000006,0.0026610717177391052,0.0026610717177391052,0.00015185773372650146,0.0,0.0
s000010-i000010-p000007,1.853108823299408,1.853108823299408,2.269446849822998e-05,0.015625,0.0
s000010-i000010-p000008,1.6723992228507996,1.6723992228507996,0.0008248351514339447,0.0,0.0
s000010-i000010-p000009,0.00016124919056892395,0.00016124919056892395,6.9141387939453125e-06,0.03125,0.0
s000010-i000010-p000010,0.0008819103240966797,0.0008819103240966797,1.744180917739868e-05,0.0078125,0.0
s000010-i000010-p000011,1.117584303021431,1.117584303021431,0.00013005733489990234,0.0625,0.015625
s000010-i000010-p000012,0.0003834441304206848,0.0003834441304206848,2.3990869522094727e-06,0.109375,0.0
s000010-i000010-p000013,1.3906440138816833,1.3906440138816833,0.00013629719614982605,0.03125,0.0
s000010-i000010-p000014,1.4110121130943298,1.4110121130943298,0.000677984207868576,0.1875,0.015625
s000010-i000010-p000015,0.0,0.0,0.0,0.0048828125,0.0009765625
s000010-i000010-p000016,3.125518560409546e-05,3.125518560409546e-05,9.909272193908691e-07,0.013671875,0.001953125
s000010-i000010-p000017,0.0019316868856549263,0.0019316868856549263,3.68654727935791e-05,0.03125,0.0
s000010-i000010-p000018,0.021958351135253906,0.021958351135253906,0.00015522167086601257,0.0,0.0
s000010-i000010-p000019,0.0004626959562301636,0.0004626959562301636,1.792609691619873e-05,0.109375,0.015625
s000010-i000010-p000020,1.0718525797128677,1.0718525797128677,6.590783596038818e-05,0.015625,0.0
s000010-i000010-p000021,1.5462157130241394,1.5462157130241394,0.0004106387495994568,0.2421875,0.015625
s000010-i000010-p000022,1.40054053068161,1.40054053068161,2.469867467880249e-05,0.048828125,0.001953125
s000010-i000010-p000023,0.000584430992603302,0.000584430992603302,7.033348083496094e-06,0.04296875,0.00390625
s000010-i000010-p000024,0.0012700259685516357,0.0012700259685516357,1.7523765563964844e-05,0.0859375,0.0078125
s000010-i000010-p000025,1.2987791299819946,1.2987791299819946,2.6613473892211914e-05,0.0390625,0.0078125
s000010-i000010-p000026,0.00033901631832122803,0.00033901631832122803,8.709728717803955e-06,0.03125,0.0
s000010-i000010-p000027,0.0022205114364624023,0.0022205114364624023,2.6881694793701172e-05,0.03515625,0.0
s000010-i000010-p000028,6.16908073425293e-05,6.16908073425293e-05,1.4156103134155273e-06,0.107421875,0.00048828125
s000010-i000010-p000029,1.4245545268058777,1.4245545268058777,0.0011101961135864258,0.005859375,0.005859375
s000010-i000010-p000030,0.000997304916381836,0.000997304916381836,1.3887882232666016e-05,0.01171875,0.0
s000010-i000010-p000031,0.0006740465760231018,0.0006740465760231018,4.589557647705078e-06,0.03125,0.0
s000010-i000010-p000032,0.00036522746086120605,0.00036522746086120605,9.603798389434814e-06,0.03515625,0.0078125
s000010-i000010-p000033,1.2745454609394073,1.2745454609394073,3.299117088317871e-05,0.0234375,0.0078125
s000010-i000010-p000034,8.574128150939941e-05,8.574128150939941e-05,3.2186508178710938e-06,0.1259765625,0.006591796875
s000010-i000010-p000035,1.883282482624054,1.883282482624054,3.5509467124938965e-05,0.109375,0.0078125
s000010-i000010-p000036,1.3902968764305115,1.3902968764305115,3.3542513847351074e-05,0.00390625,0.0
s000010-i000020-p000000,1.9708534479141235,1.9708534479141235,5.408748984336853e-05,0.0078125,0.001953125
s000010-i000020-p000001,1.0837868005037308,1.0837868005037308,9.387731552124023e-05,0.0625,0.0
s000010-i000020-p000002,0.0012186765670776367,0.0012186765670776367,4.038214683532715e-05,0.0625,0.0
s000010-i000020-p000003,1.4099218249320984,1.4099218249320984,3.991276025772095e-05,0.078125,0.0
s000010-i000020-p000004,0.002335458993911743,0.002335458993911743,2.2036954760551453e-05,0.01171875,0.00390625
s000010-i000020-p000005,1.978713035583496,1.978713035583496,8.87364149093628e-06,0.08203125,0.0
s000010-i000020-p000006,0.0015787146985530853,0.0015787146985530853,1.4349818229675293e-05,0.109375,0.0
s000010-i000020-p000007,0.0011765658855438232,0.0011765658855438232,1.9922852516174316e-05,0.0625,0.0
s000010-i000020-p000008,0.001159384846687317,0.001159384846687317,1.1123716831207275e-05,0.0,0.0
s000010-i000020-p000009,0.005454719066619873,0.005454719066619873,4.159659147262573e-05,0.06396484375,0.0009765625
s000010-i000020-p000010,0.0007446259260177612,0.0007446259260177612,2.2619962692260742e-05,0.033203125,0.001953125
s000010-i000020-p000011,0.0002707839012145996,0.0002707839012145996,1.0453164577484131e-05,0.015625,0.0
s000010-i000020-p000012,1.3982588052749634,1.3982588052749634,0.0002541281282901764,0.078125,0.0078125
s000010-i000020-p000013,0.0005701184272766113,0.0005701184272766113,4.380941390991211e-05,0.0625,0.0
s000010-i000020-p000014,1.8251423239707947,1.8251423239707947,0.0003306865692138672,0.0390625,0.0078125
s000010-i000020-p000015,0.0008092164061963558,0.0008092164061963558,2.162158489227295e-05,0.015625,0.0
s000010-i000020-p000016,1.0321303270757198,1.0321303270757198,7.677078247070312e-05,0.03125,0.0
s000010-i000020-p000017,0.00039142370223999023,0.00039142370223999023,5.647540092468262e-06,0.4375,0.03125
s000010-i000020-p000018,7.653236389160156e-05,7.653236389160156e-05,8.344650268554688e-06,0.00390625,0.0
s000010-i000020-p000019,0.003923192620277405,0.003923192620277405,3.9696693420410156e-05,0.1875,0.0
s000010-i000020-p000020,0.0011163502931594849,0.0011163502931594849,9.745359420776367e-06,0.05078125,0.0
s000010-i000020-p000021,0.0016400478780269623,0.0016400478780269623,1.5795230865478516e-05,0.0625,0.0
s000010-i000020-p000022,1.1418353021144867,1.1418353021144867,9.40561294555664e-05,0.296875,0.015625
s000010-i000020-p000023,1.5539222359657288,1.5539222359657288,6.253272294998169e-05,0.0234375,0.0078125
s000010-i000020-p000024,0.004404744133353233,0.004404744133353233,8.207559585571289e-05,0.0859375,0.0
s000010-i000020-p000025,0.009200677275657654,0.009200677275657654,0.00010406970977783203,0.296875,0.0
s000010-i000020-p000026,0.0005033314228057861,0.0005033314228057861,1.7233192920684814e-05,0.00390625,0.0
s000010-i000020-p000027,6.128288805484772e-05,6.128288805484772e-05,7.525086402893066e-07,0.02734375,0.00390625
s000010-i000020-p000028,0.00012299418449401855,0.00012299418449401855,1.1593103408813477e-05,0.140625,0.015625
s000010-i000020-p000029,0.00034296512603759766,0.00034296512603759766,7.361173629760742e-06,0.03125,0.001953125
s000010-i000020-p000030,0.000250205397605896,0.000250205397605896,4.291534423828125e-06,0.01953125,0.0
s000010-i000020-p000031,1.410261332988739,1.410261332988739,0.00010826811194419861,0.046875,0.0078125
s000010-i000020-p000032,0.0007156729698181152,0.0007156729698181152,4.246830940246582e-05,0.0390625,0.0
s000010-i000020-p000033,0.0011835098266601562,0.0011835098266601562,5.1915645599365234e-05,0.02734375,0.0
s000010-i000020-p000034,1.5938559174537659,1.5938559174537659,0.0003603249788284302,0.052734375,0.0029296875
s000010-i000020-p000035,0.001002579927444458,0.001002579927444458,3.0513852834701538e-05,0.0234375,0.005859375
s000010-i000020-p000036,0.8814877867698669,0.8814877867698669,0.0063391923904418945,0.03125,0.0
s000010-i000030-p000000,1.9944977164268494,1.9944977164268494,7.651746273040771e-06,0.01922607421875,0.0003662109375
s000010-i000030-p000001,1.4076758027076721,1.4076758027076721,7.31050968170166e-05,0.0625,0.0
s000010-i000030-p000002,0.0005443841218948364,0.0005443841218948364,6.496906280517578e-06,0.046875,0.0078125
s000010-i000030-p000003,1.4141903519630432,1.4141903519630432,4.787743091583252e-05,0.046875,0.0
s000010-i000030-p000004,0.7218276634812355,0.7218276634812355,0.00033377110958099365,0.05859375,0.00390625
s000010-i000030-p000005,0.00010007619857788086,0.00010007619857788086,1.0371208190917969e-05,0.00390625,0.0
s000010-i000030-p000006,1.9954816699028015,1.9954816699028015,4.0337443351745605e-05,0.015625,0.0
s000010-i000030-p000007,1.400146245956421,1.400146245956421,0.00013533979654312134,0.09375,0.03125
s000010-i000030-p000008,6.794929504394531e-05,6.794929504394531e-05,2.4437904357910156e-06,0.01025390625,0.00048828125
s000010-i000030-p000009,0.01217401959002018,0.01217401959002018,0.00012470781803131104,0.09375,0.03125
s000010-i000030-p000010,0.0007221102714538574,0.0007221102714538574,9.059906005859375e-06,0.00390625,0.005859375
s000010-i000030-p000011,0.004391469061374664,0.004391469061374664,0.00011055171489715576,0.03125,0.0
s000010-i000030-p000012,5.148351192474365e-05,5.148351192474365e-05,2.5033950805664062e-06,0.0703125,0.00390625
s000010-i000030-p000013,0.0022440776228904724,0.0022440776228904724,1.9147992134094238e-05,0.0,0.0
s000010-i000030-p000014,0.000525258481502533,0.000525258481502533,1.3563781976699829e-05,0.28125,0.0
s000010-i000030-p000015,1.8453479409217834,1.8453479409217834,0.000617247074842453,0.01171875,0.001953125
s000010-i000030-p000016,1.6668672561645508,1.6668672561645508,3.295391798019409e-05,0.0625,0.0
s000010-i000030-p000017,0.0008568540215492249,0.0008568540215492249,3.458559513092041e-05,0.1171875,0.0
s000010-i000030-p000018,0.0002796351909637451,0.0002796351909637451,1.8298625946044922e-05,0.046875,0.015625
s000010-i000030-p000019,0.0004987418651580811,0.0004987418651580811,1.329183578491211e-05,0.015625,0.0
s000010-i000030-p000020,8.629262447357178e-05,8.629262447357178e-05,1.125037670135498e-06,0.04296875,0.0078125
s000010-i000030-p000021,1.1541859358549118,1.1541859358549118,6.872415542602539e-05,0.046875,0.0078125
s000010-i000030-p000022,1.685135543346405,1.685135543346405,0.00015878677368164062,0.01953125,0.0
s000010-i000030-p000023,0.0004776269197463989,0.0004776269197463989,1.2010335922241211e-05,0.07421875,0.001953125
s000010-i000030-p000024,0.00045130401849746704,0.00045130401849746704,7.450580596923828e-06,0.03125,0.0
s000010-i000030-p000025,0.00027396809309720993,0.00027396809309720993,6.4373016357421875e-06,0.0006103515625,0.0006103515625
s000010-i000030-p000026,0.005641654133796692,0.005641654133796692,0.00010961294174194336,0.0625,0.0
s000010-i000030-p000027,0.00968402624130249,0.00968402624130249,0.0001361742615699768,0.0234375,0.0
s000010-i000030-p000028,1.4797182083129883,1.4797182083129883,0.00026112794876098633,0.1171875,0.0
s000010-i000030-p000029,3.600120544433594e-05,3.600120544433594e-05,1.3560056686401367e-06,0.015625,0.0
s000010-i000030-p000030,0.001889936625957489,0.001889936625957489,3.813207149505615e-05,0.18017578125,0.00341796875
s000010-i000030-p000031,1.1213091760873795,1.1213091760873795,6.54458999633789e-05,0.0712890625,0.005859375
s000010-i000030-p000032,0.0016881674528121948,0.0016881674528121948,8.404254913330078e-05,0.015625,0.0078125
s000010-i000030-p000033,0.003282785415649414,0.003282785415649414,6.271898746490479e-05,0.0,0.0
s000010-i000030-p000034,1.0658788159489632,1.0658788159489632,2.566911280155182e-05,0.0390625,0.0
s000010-i000040-p000000,0.0005417317152023315,0.0005417317152023315,7.212162017822266e-06,0.046875,0.0
s000010-i000040-p000001,1.4039565324783325,1.4039565324783325,2.8014183044433594e-05,0.0078125,0.0
s000010-i000040-p000002,1.4090250134468079,1.4090250134468079,0.0002079308032989502,0.005859375,0.0
s000010-i000040-p000003,0.000455707311630249,0.000455707311630249,2.034008502960205e-05,0.1875,0.03125
s000010-i000040-p000004,1.9956419467926025,1.9956419467926025,8.549541234970093e-05,0.03515625,0.0
s000010-i000040-p000005,0.0005862116813659668,0.0005862116813659668,2.4297740310430527e-05,0.015625,0.015625
s000010-i000040-p000006,0.0004918426275253296,0.0004918426275253296,8.203089237213135e-06,0.15625,0.046875
s000010-i000040-p000007,1.3984870910644531,1.3984870910644531,0.00013322383165359497,0.025390625,0.0
s000010-i000040-p000008,0.0006648004055023193,0.0006648004055023193,4.803761839866638e-06,0.09375,0.0
s000010-i000040-p000009,0.00045099854469299316,0.00045099854469299316,1.6130506992340088e-05,0.06640625,0.001953125
s000010-i000040-p000010,2.512335777282715e-05,2.512335777282715e-05,7.003545761108398e-07,0.009765625,0.0
s000010-i000040-p000011,0.0022833794355392456,0.0022833794355392456,9.6058938652277e-06,0.0390625,0.0078125
s000010-i000040-p000012,7.570348680019379e-05,7.570348680019379e-05,3.1068921089172363e-06,0.0625,0.0
s000010-i000040-p000013,0.001230090856552124,0.001230090856552124,1.4424324035644531e-05,0.53125,0.03125
s000010-i000040-p000014,0.00040061771869659424,0.00040061771869659424,1.751631498336792e-05,0.03125,0.0
s000010-i000040-p000015,0.0019038021564483643,0.0019038021564483643,7.987022399902344e-06,0.015625,0.015625
s000010-i000040-p000016,0.0002921484410762787,0.0002921484410762787,6.973743438720703e-06,0.0,0.015625
s000010-i000040-p000017,1.129074677824974,1.129074677824974,0.00022161006927490234,0.15625,0.0
s000010-i000040-p000018,1.5086596608161926,1.5086596608161926,3.6872923374176025e-05,0.01171875,0.0
s000010-i000040-p000019,1.704342544078827,1.704342544078827,0.052604048047214746,4.626953125,0.30419921875
s000010-i000040-p000020,0.001824062317609787,0.001824062317609787,3.0472874641418457e-05,0.03125,0.0
s000010-i000040-p000021,1.6098753809928894,1.6098753809928894,1.3910233974456787e-05,0.0,0.0078125
s000010-i000040-p000022,1.8440691232681274,1.8440691232681274,0.00015217065811157227,0.046875,0.0009765625
s000010-i000040-p000023,0.0029321610927581787,0.0029321610927581787,0.00018081627786159515,0.09765625,0.00390625
s000010-i000040-p000024,0.0006714612245559692,0.0006714612245559692,1.6063451766967773e-05,0.0703125,0.00390625
s000010-i000040-p000025,1.343323975801468,1.343323975801468,0.0021508336067199707,1.84375,0.3046875
s000010-i000040-p000026,0.0013188922312110662,0.0013188922312110662,1.1116266250610352e-05,0.0390625,0.00390625
s000010-i000040-p000027,0.0008297283202409744,0.0008297283202409744,1.8222257494926453e-05,0.0078125,0.0
s000010-i000040-p000028,5.351752042770386e-05,5.351752042770386e-05,1.6614794731140137e-06,0.046875,0.0
s000010-i000040-p000029,0.00019565969705581665,0.00019565969705581665,1.292489469051361e-05,0.01953125,0.0078125
s000010-i000040-p000030,9.948015213012695e-05,9.948015213012695e-05,7.003545761108398e-07,0.015625,0.001953125
s000010-i000040-p000031,0.003589702391764149,0.003589702391764149,9.337067604064941e-05,0.0126953125,0.001953125
s000010-i000040-p000032,1.4602896571159363,1.4602896571159363,5.7578086853027344e-05,0.046875,0.0
s000010-i000040-p000033,4.571676254272461e-05,4.571676254272461e-05,8.344650268554688e-07,0.04779052734375,6.103515625e-05
s000010-i000040-p000034,1.9614610075950623,1.9614610075950623,0.023560792207717896,1.5,0.09375
s000025-i000000-p000000,1.304117113351822,1.304117113351822,0.00014104321599006653,0.09375,0.0
s000025-i000000-p000001,1.9800130724906921,1.9800130724906921,2.4586915969848633e-05,0.14453125,0.0
s000025-i000000-p000002,8.183717727661133e-05,8.183717727661133e-05,3.4123659133911133e-06,0.017578125,0.00048828125
s000025-i000000-p000003,0.0025836676359176636,0.0025836676359176636,3.042072057723999e-05,0.01953125,0.0
s000025-i000000-p000004,1.9951744079589844,1.9951744079589844,9.70163382589817e-05,0.046875,0.015625
s000025-i000000-p000005,0.00034965574741363525,0.00034965574741363525,2.364814281463623e-05,0.046875,0.015625
s000025-i000000-p000006,6.35385513305664e-05,6.35385513305664e-05,3.0994415283203125e-06,0.0546875,0.0
s000025-i000000-p000007,1.8962428569793701,1.8962428569793701,0.01900322735309601,0.21875,0.015625
s000025-i000000-p000008,0.00012783706188201904,0.00012783706188201904,6.549060344696045e-06,0.0,0.015625
s000025-i000000-p000009,0.18922385573387146,0.18922385573387146,0.00029327021911740303,0.171875,0.015625
s000025-i000000-p000010,0.0011054091155529022,0.0011054091155529022,2.7991831302642822e-05,0.1875,0.015625
s000025-i000000-p000011,0.00019681453704833984,0.00019681453704833984,1.5200581401586533e-05,0.02734375,0.0
s000025-i000000-p000012,0.8879386819899082,0.8879386819899082,8.991360664367676e-05,0.015625,0.0
s000025-i000000-p000013,7.423758506774902e-05,7.423758506774902e-05,1.7434358596801758e-06,0.03125,0.0
s000025-i000000-p000014,0.45382022857666016,0.45382022857666016,0.0010812729597091675,0.09375,0.0
s000025-i000000-p000015,1.3855903446674347,1.3855903446674347,0.0004298761487007141,0.140625,0.03125
s000025-i000000-p000016,1.9076254963874817,1.9076254963874817,0.001031331717967987,0.09375,0.015625
s000025-i000000-p000017,0.00021451711654663086,0.00021451711654663086,1.3709068298339844e-06,0.1875,0.0
s000025-i000000-p000018,0.15639857202768326,0.15639857202768326,0.00022649206221103668,0.203125,0.015625
s000025-i000000-p000019,9.211897850036621e-05,9.211897850036621e-05,1.3709068298339844e-06,0.203125,0.0
s000025-i000000-p000020,1.3281312882900238,1.3281312882900238,0.0004587918519973755,0.1875,0.0
s000025-i000000-p000021,5.4776668548583984e-05,5.4776668548583984e-05,1.5348196029663086e-06,0.2578125,0.0
s000025-i000000-p000022,1.4129306375980377,1.4129306375980377,0.0002840086817741394,0.0859375,0.0078125
s000025-i000000-p000023,0.0034736916422843933,0.0034736916422843933,5.799531936645508e-05,0.5,0.0
s000025-i000000-p000024,0.0035523809492588043,0.0035523809492588043,0.001028984785079956,0.1875,0.078125
s000025-i000000-p000025,0.003685683012008667,0.003685683012008667,3.706291317939758e-05,0.1953125,0.0
s000025-i000000-p000026,0.0005218982696533203,0.0005218982696533203,4.316866397857666e-05,0.109375,0.015625
s000025-i000000-p000027,0.0011040568351745605,0.0011040568351745605,4.933774471282959e-05,0.046875,0.0
s000025-i000000-p000028,5.1349401473999023e-05,5.1349401473999023e-05,1.667998731136322e-06,0.046875,0.00390625
s000025-i000000-p000029,1.359898030757904,1.359898030757904,0.0002052783966064453,0.0234375,0.0
s000025-i000000-p000030,0.0013248622417449951,0.0013248622417449951,1.7285346984863281e-06,0.046875,0.0
s000025-i000000-p000031,0.0037441253662109375,0.0037441253662109375,6.639957427978516e-05,0.1875,0.0
s000025-i000000-p000032,0.001640021800994873,0.001640021800994873,2.485513687133789e-05,0.0625,0.0
s000025-i000000-p000033,0.005896884948015213,0.005896884948015213,0.00014540553092956543,0.296875,0.015625
s000025-i000000-p000034,0.05317500978708267,0.05317500978708267,0.0002260357141494751,0.03125,0.03125
s000025-i000000-p000035,0.11270910501480103,0.11270910501480103,0.0001469254493713379,0.296875,0.015625
s000025-i000000-p000036,0.0011235177516937256,0.0011235177516937256,1.2934207916259766e-05,0.046875,0.0
s000025-i000000-p000037,0.0009560734033584595,0.0009560734033584595,1.1920928955078125e-05,0.046875,0.0
s000025-i000000-p000038,1.9971843361854553,1.9971843361854553,0.017949633300304413,0.5,0.09375
s000025-i000000-p000039,0.8725899085402489,0.8725899085402489,0.00248090922832489,0.1875,0.0
s000025-i000000-p000040,0.005687981843948364,0.005687981843948364,1.545250415802002e-05,0.4375,0.0
s000025-i000000-p000041,0.00036097317934036255,0.00036097317934036255,2.2172927856445312e-05,0.078125,0.0
s000025-i000000-p000042,2.0176172256469727e-05,2.0176172256469727e-05,1.7881393432617188e-07,0.0625,0.0
s000025-i000000-p000043,0.0012416169047355652,0.0012416169047355652,2.9861927032470703e-05,0.0625,0.0
s000025-i000000-p000044,1.3411623537540436,1.3411623537540436,0.03127169609069824,0.1875,0.03125
s000025-i000000-p000045,0.0013838708400726318,0.0013838708400726318,1.6868114471435547e-05,0.0625,0.015625
s000025-i000000-p000046,1.8182929158210754,1.8182929158210754,0.0002269148826599121,0.21875,0.015625
s000025-i000000-p000047,1.6782418489456177,1.6782418489456177,0.000576116144657135,0.015625,0.0
s000025-i000000-p000048,0.007328882813453674,0.007328882813453674,2.0809471607208252e-05,0.01171875,0.00390625
s000025-i000000-p000049,1.0748969912528992,1.0748969912528992,0.000128135085105896,0.3984375,0.015625
s000025-i000010-p000000,1.9974565505981445,1.9974565505981445,7.444620132446289e-05,0.0625,0.0078125
s000025-i000010-p000001,1.9951748251914978,1.9951748251914978,0.00029659271240234375,0.578125,0.0390625
s000025-i000010-p000002,0.0005754828453063965,0.0005754828453063965,1.8477439880371094e-05,0.046875,0.0
s000025-i000010-p000003,0.0007112137973308563,0.0007112137973308563,1.9431114196777344e-05,0.0625,0.0
s000025-i000010-p000004,0.001824989914894104,0.001824989914894104,8.38935375213623e-06,0.171875,0.0
s000025-i000010-p000005,0.8255184590816498,0.8255184590816498,0.0007238537073135376,0.06640625,0.0
s000025-i000010-p000006,1.9064664840698242,1.9064664840698242,0.0001696329563856125,0.140625,0.015625
s000025-i000010-p000007,5.424022674560547e-05,5.424022674560547e-05,5.1818788051605225e-06,0.0078125,0.0
s000025-i000010-p000008,0.0001844167709350586,0.0001844167709350586,1.4387071132659912e-05,0.0078125,0.0
s000025-i000010-p000009,0.0018251240253448486,0.0018251240253448486,2.5212764739990234e-05,0.078125,0.0
s000025-i000010-p000010,2.0977109670639038e-05,2.0977109670639038e-05,8.754432201385498e-08,0.234375,0.0
s000025-i000010-p000011,0.001295819878578186,0.001295819878578186,2.562999725341797e-05,0.015625,0.0
s000025-i000010-p000012,4.7072768211364746e-05,4.7072768211364746e-05,1.1324882507324219e-06,0.0625,0.0
s000025-i000010-p000013,1.1470758318901062,1.1470758318901062,0.0006355643272399902,0.078125,0.0
s000025-i000010-p000014,1.1584029793739319,1.1584029793739319,4.9233436584472656e-05,0.1875,0.015625
s000025-i000010-p000015,8.812546730041504e-05,8.812546730041504e-05,1.4901161193847656e-06,0.03125,0.0
s000025-i000010-p000016,0.0009035766124725342,0.0009035766124725342,6.515905261039734e-05,0.078125,0.0
s000025-i000010-p000017,1.0090834945440292,1.0090834945440292,0.00024974066764116287,0.0,0.015625
s000025-i000010-p000018,0.0002522502327337861,0.0002522502327337861,2.0384788513183594e-05,0.140625,0.0
s000025-i000010-p000019,1.1805033385753632,1.1805033385753632,0.000316619873046875,0.046875,0.015625
s000025-i000010-p000020,0.0012928545475006104,0.0012928545475006104,2.555549144744873e-05,0.078125,0.0
s000025-i000010-p000021,1.84977787733078,1.84977787733078,0.0003263503313064575,1.234375,0.1171875
s000025-i000010-p000022,0.0005095005035400391,0.0005095005035400391,8.091330528259277e-06,0.109375,0.0
s000025-i000010-p000023,1.2041462659835815,1.2041462659835815,0.0003820788115262985,0.0,0.0
s000025-i000010-p000024,0.002240300178527832,0.002240300178527832,3.612041473388672e-05,0.03125,0.015625
s000025-i000010-p000025,0.016257822513580322,0.016257822513580322,0.00038504600524902344,0.0625,0.0
s000025-i000010-p000026,0.0004012063145637512,0.0004012063145637512,6.268918514251709e-05,0.1953125,0.0078125
s000025-i000010-p000027,1.7714433670043945,1.7714433670043945,0.0005085542798042297,0.140625,0.03125
s000025-i000010-p000028,1.2047666609287262,1.2047666609287262,0.0006586313247680664,0.0,0.0
s000025-i000010-p000029,0.000573575496673584,0.000573575496673584,1.6033649444580078e-05,0.03125,0.0
s000025-i000010-p000030,1.260695606470108,1.260695606470108,0.00031297653913497925,0.0078125,0.0
s000025-i000010-p000031,0.011085271835327148,0.011085271835327148,0.00024116039276123047,0.15625,0.0
s000025-i000010-p000032,0.0034208297729492188,0.0034208297729492188,0.0001049041748046875,1.453125,0.171875
s000025-i000010-p000033,0.0006253942847251892,0.0006253942847251892,2.008676528930664e-05,0.015625,0.0
s000025-i000010-p000034,0.0009374618530273438,0.0009374618530273438,3.719329833984375e-05,0.40625,0.078125
s000025-i000010-p000035,0.0009061694145202637,0.0009061694145202637,5.7131052017211914e-05,0.03125,0.0625
s000025-i000010-p000036,0.0018124282360076904,0.0018124282360076904,4.184246063232422e-05,0.125,0.0
s000025-i000010-p000037,1.4948013424873352,1.4948013424873352,0.0003218650817871094,0.2265625,0.0234375
s000025-i000010-p000038,1.3944080173969269,1.3944080173969269,0.00037377793341875076,0.1875,0.03125
s000025-i000010-p000039,0.0013432204723358154,0.0013432204723358154,2.1755695343017578e-05,0.21875,0.03125
s000025-i000010-p000040,0.002008378505706787,0.002008378505706787,2.378225326538086e-05,0.109375,0.015625
s000025-i000010-p000041,0.000714421272277832,0.000714421272277832,1.6927719116210938e-05,0.0,0.0
s000025-i000010-p000042,0.0017175227403640747,0.0017175227403640747,3.8972124457359314e-05,0.5625,0.0
s000025-i000010-p000043,0.006870493292808533,0.006870493292808533,0.00036161579191684723,0.53125,0.0
s000025-i000010-p000044,0.00017954036593437195,0.00017954036593437195,2.107582986354828e-06,0.0,0.03125
s000025-i000010-p000045,1.6468655467033386,1.6468655467033386,0.0009208321571350098,0.8125,0.0625
s000025-i000010-p000046,0.00013107061386108398,0.00013107061386108398,5.576759576797485e-06,0.0078125,0.0
s000025-i000010-p000047,0.0010478198528289795,0.0010478198528289795,3.188103437423706e-05,0.09375,0.0
s000025-i000010-p000048,0.01288805902004242,0.01288805902004242,0.00030277855694293976,0.40625,0.03125
s000025-i000020-p000000,2.065300941467285e-05,2.065300941467285e-05,9.834766387939453e-07,0.0234375,0.0
s000025-i000020-p000001,1.9721805453300476,1.9721805453300476,0.00012940168380737305,0.03125,0.00390625
s000025-i000020-p000002,1.1281695663928986,1.1281695663928986,0.00014764070510864258,0.09765625,0.00390625
s000025-i000020-p000003,0.0013466402888298035,0.0013466402888298035,7.472187280654907e-05,0.05078125,0.00390625
s000025-i000020-p000004,4.5180320739746094e-05,4.5180320739746094e-05,4.470348358154297e-07,0.044921875,0.001953125
s000025-i000020-p000005,1.9307721853256226,1.9307721853256226,0.00020588189363479614,0.015625,0.015625
s000025-i000020-p000006,0.0004163086414337158,0.0004163086414337158,9.773299098014832e-06,0.078125,0.0
s000025-i000020-p000007,0.0006830841302871704,0.0006830841302871704,1.6391277313232422e-05,0.015625,0.0
s000025-i000020-p000008,0.0022993087768554688,0.0022993087768554688,2.4784356355667114e-05,0.296875,0.0
s000025-i000020-p000009,4.4479966163635254e-05,4.4479966163635254e-05,1.1920928955078125e-06,0.0234375,0.0
s000025-i000020-p000010,0.004498720169067383,0.004498720169067383,1.1447817087173462e-05,0.0068359375,0.009765625
s000025-i000020-p000011,0.0029621683061122894,0.0029621683061122894,2.5250017642974854e-05,0.078125,0.0
s000025-i000020-p000012,1.3372670412063599,1.3372670412063599,0.00016244128346443176,0.046875,0.0078125
s000025-i000020-p000013,0.0056628454476594925,0.0056628454476594925,7.861852645874023e-05,0.0234375,0.0234375
s000025-i000020-p000014,1.9565224647521973e-05,1.9565224647521973e-05,2.3245811462402344e-06,0.03515625,0.0
s000025-i000020-p000015,1.336062878370285,1.336062878370285,8.669868111610413e-05,0.3359375,0.01171875
s000025-i000020-p000016,4.281848669052124e-05,4.281848669052124e-05,1.173466444015503e-06,0.0625,0.0
s000025-i000020-p000017,0.06541746854782104,0.06541746854782104,0.0001424849033355713,0.03125,0.0
s000025-i000020-p000018,0.007784336805343628,0.007784336805343628,0.00013338029384613037,0.34375,0.078125
s000025-i000020-p000019,1.609151303768158,1.609151303768158,0.0006818175315856934,0.234375,0.0
s000025-i000020-p000020,0.6546032279729843,0.6546032279729843,0.00012614578008651733,0.046875,0.0
s000025-i000020-p000021,0.00015789270401000977,0.00015789270401000977,2.86102294921875e-06,0.03125,0.0
s000025-i000020-p000022,0.9628078155219555,0.9628078155219555,0.0007559657096862793,0.21875,0.015625
s000025-i000020-p000023,0.00310705229640007,0.00310705229640007,2.2202730178833008e-05,0.12890625,0.015625
s000025-i000020-p000024,0.00042575597763061523,0.00042575597763061523,8.318573236465454e-06,0.015625,0.0
s000025-i000020-p000025,0.00024406611919403076,0.00024406611919403076,1.080334186553955e-05,0.078125,0.0
s000025-i000020-p000026,1.9519940614700317,1.9519940614700317,1.2770295143127441e-05,0.03125,0.015625
s000025-i000020-p000027,0.0020783543586730957,0.0020783543586730957,5.459785461425781e-05,0.078125,0.0
s000025-i000020-p000028,0.5801748186349869,0.5801748186349869,0.0007413923740386963,0.03125,0.015625
s000025-i000020-p000029,0.0004545748233795166,0.0004545748233795166,4.239380359649658e-05,0.109375,0.015625
s000025-i000020-p000030,1.998599886894226,1.998599886894226,0.0011045336723327637,1.203125,0.078125
s000025-i000020-p000031,1.442015528678894,1.442015528678894,0.0003168731927871704,0.03125,0.015625
s000025-i000020-p000032,0.0008344054222106934,0.0008344054222106934,1.043081283569336e-05,0.0234375,0.015625
s000025-i000020-p000033,0.8442733287811279,0.8442733287811279,0.0004253312945365906,0.28125,0.0078125
s000025-i000020-p000034,0.010223031044006348,0.010223031044006348,5.179643630981445e-05,0.109375,0.0
s000025-i000020-p000035,1.9827892184257507,1.9827892184257507,0.020515188574790955,0.0546875,0.015625
s000025-i000020-p000036,1.171915054321289,1.171915054321289,0.022990792989730835,0.1875,0.03125
s000025-i000020-p000037,1.1836369186639786,1.1836369186639786,0.00016103312373161316,0.1484375,0.0
s000025-i000020-p000038,1.957505226135254,1.957505226135254,7.174909114837646e-05,0.0234375,0.0
s000025-i000020-p000039,0.001888871192932129,0.001888871192932129,0.00010603666305541992,0.03125,0.0
s000025-i000020-p000040,2.6151537895202637e-06,2.6151537895202637e-06,2.2351741790771484e-08,0.015625,0.0
s000025-i000020-p000041,0.0006957948207855225,0.0006957948207855225,2.0988285541534424e-05,0.15625,0.28125
s000025-i000020-p000042,1.9737703204154968,1.9737703204154968,0.006980478763580322,0.0625,0.03125
s000025-i000020-p000043,0.0001958310604095459,0.0001958310604095459,4.32133674621582e-05,0.25,0.03125
s000025-i000030-p000000,1.9741834998130798,1.9741834998130798,2.6106834411621094e-05,0.013671875,0.0
s000025-i000030-p000001,6.504356861114502e-05,6.504356861114502e-05,8.344650268554688e-07,0.0439453125,0.00390625
s000025-i000030-p000002,0.13860507123172283,0.13860507123172283,0.0002447068691253662,0.015625,0.0
s000025-i000030-p000003,0.0007671713829040527,0.0007671713829040527,3.592297434806824e-05,0.03125,0.0078125
s000025-i000030-p000004,0.9170844331383705,0.9170844331383705,0.00012564659118652344,0.072265625,0.0009765625
s000025-i000030-p000005,0.0001712106168270111,0.0001712106168270111,5.221366882324219e-05,0.046875,0.0
s000025-i000030-p000006,1.040545977652073,1.040545977652073,9.274482727050781e-05,0.15625,0.015625
s000025-i000030-p000007,1.9863961935043335,1.9863961935043335,0.000159531831741333,0.015625,0.0
s000025-i000030-p000008,0.0031914710998535156,0.0031914710998535156,0.00014131143689155579,0.0078125,0.015625
s000025-i000030-p000009,1.9917585849761963,1.9917585849761963,7.832050323486328e-05,0.140625,0.015625
s000025-i000030-p000010,1.9453368782997131,1.9453368782997131,2.8192996978759766e-05,0.078125,0.0
s000025-i000030-p000011,0.003045111894607544,0.003045111894607544,2.3677945137023926e-05,0.0,0.015625
s000025-i000030-p000012,0.00010308623313903809,0.00010308623313903809,2.562999725341797e-06,0.078125,0.0
s000025-i000030-p000013,0.000988192856311798,0.000988192856311798,1.7192214727401733e-05,0.046875,0.0
s000025-i000030-p000014,0.0215722918510437,0.0215722918510437,0.00032445043325424194,0.625,0.0625
s000025-i000030-p000015,0.34384336322546005,0.34384336322546005,7.283687591552734e-05,0.21875,0.015625
s000025-i000030-p000016,0.007770121097564697,0.007770121097564697,0.0003190338611602783,0.0,0.03125
s000025-i000030-p000017,0.0001260712742805481,0.0001260712742805481,1.6242265701293945e-06,0.0625,0.0
s000025-i000030-p000018,1.7715411186218262,1.7715411186218262,0.010877149179577827,0.125,0.03125
s000025-i000030-p000019,1.7405444979667664,1.7405444979667664,0.0001971125602722168,0.015625,0.0
s000025-i000030-p000020,0.00021009519696235657,0.00021009519696235657,8.106231689453125e-06,0.0234375,0.00390625
s000025-i000030-p000021,1.9652292728424072,1.9652292728424072,0.00016791746020317078,0.0546875,0.0
s000025-i000030-p000022,0.0015645399689674377,0.0015645399689674377,6.845593452453613e-05,0.0625,0.015625
s000025-i000030-p000023,7.05718994140625e-05,7.05718994140625e-05,5.885958671569824e-07,0.109375,0.015625
s000025-i000030-p000024,0.00038604438304901123,0.00038604438304901123,4.634261131286621e-06,0.03125,0.0
s000025-i000030-p000025,0.0026441216468811035,0.0026441216468811035,6.818771362304688e-05,0.046875,0.015625
s000025-i000030-p000026,0.0007529892027378082,0.0007529892027378082,6.016436964273453e-05,0.25,0.0
s000025-i000030-p000027,1.9967769384384155,1.9967769384384155,0.0005407035350799561,0.1484375,0.015625
s000025-i000030-p000028,0.0012866854667663574,0.0012866854667663574,4.0158629417419434e-05,0.34375,0.03125
s000025-i000030-p000029,0.001786988228559494,0.001786988228559494,5.185604095458984e-06,0.046875,0.0
s000025-i000030-p000030,0.0016059204936027527,0.0016059204936027527,0.0001341700553894043,0.03125,0.03125
s000025-i000030-p000031,5.6117773056030273e-05,5.6117773056030273e-05,1.2665987014770508e-06,0.0625,0.0
s000025-i000030-p000032,1.1379523277282715,1.1379523277282715,0.0005353093147277832,0.09375,0.0078125
s000025-i000030-p000033,1.0381053388118744,1.0381053388118744,0.0002196766436100006,0.015625,0.015625
s000025-i000030-p000034,0.00041216611862182617,0.00041216611862182617,9.896606206893921e-05,0.0625,0.0078125
s000025-i000030-p000035,1.202029064297676,1.202029064297676,0.00018665194511413574,0.0625,0.015625
s000025-i000030-p000036,1.9058681726455688,1.9058681726455688,0.00036062300205230713,0.328125,0.015625
s000025-i000030-p000037,0.0008864700794219971,0.0008864700794219971,1.0251998901367188e-05,0.078125,0.0
s000025-i000030-p000038,0.8840331695973873,0.8840331695973873,0.0004213079810142517,0.03125,0.0
s000025-i000030-p000039,8.124113082885742e-05,8.124113082885742e-05,4.693865776062012e-06,0.1875,0.0
s000025-i000030-p000040,2.514570951461792e-05,2.514570951461792e-05,1.1801719665527344e-05,0.53125,0.0625
s000025-i000030-p000041,1.775629699230194,1.775629699230194,0.023980550467967987,0.125,0.03125
s000025-i000030-p000042,1.3873050808906555,1.3873050808906555,0.020129752345383167,1.1875,0.09375
s000025-i000040-p000000,0.001750662922859192,0.001750662922859192,2.7507543563842773e-05,0.046875,0.0
s000025-i000040-p000001,0.059192052111029625,0.059192052111029625,0.00012928247451782227,0.009765625,0.001953125
s000025-i000040-p000002,0.0017030127346515656,0.0017030127346515656,1.7758458852767944e-05,0.11328125,0.01953125
s000025-i000040-p000003,1.0608850568532944,1.0608850568532944,0.0008267760276794434,0.015625,0.015625
s000025-i000040-p000004,0.0001241341233253479,0.0001241341233253479,1.704692840576172e-05,0.01171875,0.0
s000025-i000040-p000005,1.0921774804592133,1.0921774804592133,0.00021703029051423073,0.0078125,0.0078125
s000025-i000040-p000006,3.31290066242218e-05,3.31290066242218e-05,1.4901161193847656e-06,0.0,0.0
s000025-i000040-p000007,1.8549911379814148,1.8549911379814148,0.0002658665180206299,0.046875,0.015625
s000025-i000040-p000008,0.0008038729429244995,0.0008038729429244995,3.1948089599609375e-05,0.0859375,0.0078125
s000025-i000040-p000009,0.0006950497627258301,0.0006950497627258301,3.135204315185547e-05,0.125,0.0
s000025-i000040-p000010,0.030799195170402527,0.030799195170402527,0.0006588101387023926,0.046875,0.015625
s000025-i000040-p000011,1.2829899787902832e-05,1.2829899787902832e-05,1.0132789611816406e-06,0.046875,0.0
s000025-i000040-p000012,1.1399432271718979,1.1399432271718979,0.0003681182861328125,0.125,0.0
s000025-i000040-p000013,1.132500410079956,1.132500410079956,0.0029149726033210754,2.703125,0.28125
s000025-i000040-p000014,0.5008918642997742,0.5008918642997742,6.248056888580322e-05,0.0234375,0.0
s000025-i000040-p000015,1.4893962144851685,1.4893962144851685,0.0007242113351821899,1.046875,0.0078125
s000025-i000040-p000016,0.00011175870895385742,0.00011175870895385742,8.19377601146698e-06,0.0234375,0.0
s000025-i000040-p000017,0.00523262657225132,0.00523262657225132,6.870925426483154e-05,0.0625,0.0
s000025-i000040-p000018,9.298324584960938e-06,9.298324584960938e-06,2.253800630569458e-07,0.078125,0.015625
s000025-i000040-p000019,0.007073074579238892,0.007073074579238892,0.00015352852642536163,0.09375,0.0
s000025-i000040-p000020,0.0014937706291675568,0.0014937706291675568,1.633167266845703e-05,0.5703125,0.0234375
s000025-i000040-p000021,0.015035659074783325,0.015035659074783325,0.0006511285901069641,0.390625,0.015625
s000025-i000040-p000022,9.974930435419083e-05,9.974930435419083e-05,6.556510925292969e-06,0.25390625,0.0234375
s000025-i000040-p000023,0.0037786439061164856,0.0037786439061164856,0.00022073090076446533,0.234375,0.0
s000025-i000040-p000024,0.00039386749267578125,0.00039386749267578125,5.7220458984375e-06,0.03125,0.0
s000025-i000040-p000025,0.00012576580047607422,0.00012576580047607422,2.905726432800293e-06,0.0625,0.015625
s000025-i000040-p000026,1.8009591102600098,1.8009591102600098,8.359551429748535e-05,0.3125,0.015625
s000025-i000040-p000027,0.000330314040184021,0.000330314040184021,3.4943222999572754e-06,0.015625,0.0
s000025-i000040-p000028,0.002169311046600342,0.002169311046600342,1.8537044525146484e-05,0.3359375,0.015625
s000025-i000040-p000029,0.001645207405090332,0.001645207405090332,2.2170133888721466e-05,0.015625,0.0
s000025-i000040-p000030,0.0003287196159362793,0.0003287196159362793,1.6242265701293945e-06,0.109375,0.0078125
s000025-i000040-p000031,0.8889623582363129,0.8889623582363129,7.366389036178589e-05,0.234375,0.015625
s000025-i000040-p000032,0.41204872727394104,0.41204872727394104,0.0003381967544555664,0.0,0.0
s000025-i000040-p000033,1.1048670262098312,1.1048670262098312,0.001617133617401123,0.125,0.015625
s000025-i000040-p000034,0.0021310746669769287,0.0021310746669769287,7.572397589683533e-05,0.140625,0.015625
s000025-i000040-p000035,0.007420152425765991,0.007420152425765991,8.26120376586914e-05,0.15625,0.0
s000025-i000040-p000036,0.0007045306265354156,0.0007045306265354156,5.3398311138153076e-05,0.03125,0.0
s000025-i000040-p000037,0.0006103292107582092,0.0006103292107582092,2.043694257736206e-05,0.015625,0.0
s000025-i000040-p000038,0.0006488300859928131,0.0006488300859928131,6.639538332819939e-05,0.15625,0.03125
s000025-i000040-p000039,0.0003239363431930542,0.0003239363431930542,3.3736228942871094e-05,0.015625,0.0
s000025-i000040-p000040,0.003045320510864258,0.003045320510864258,6.192922592163086e-05,0.078125,0.0
s000025-i000040-p000041,7.934495806694031e-05,7.934495806694031e-05,6.631016731262207e-06,0.109375,0.015625
s000025-i000040-p000042,0.0002487003803253174,0.0002487003803253174,1.4483928680419922e-05,0.046875,0.0
s000025-i000040-p000043,1.585612177848816,1.585612177848816,0.0005593299865722656,0.40625,0.015625
s000025-i000040-p000044,1.9156827926635742,1.9156827926635742,0.00016117095947265625,0.1875,0.015625
s000025-i000040-p000045,0.8219715356826782,0.8219715356826782,0.002552807331085205,0.015625,0.0
s000025-i000040-p000046,0.0007736682891845703,0.0007736682891845703,8.821487426757812e-06,0.046875,0.015625
s000025-i000040-p000047,0.00011330842971801758,0.00011330842971801758,1.5050172805786133e-06,0.03125,0.0
s000030-i000000-p000000,0.001495063304901123,0.001495063304901123,7.499009370803833e-05,0.1875,0.015625
s000030-i000000-p000001,0.001665353775024414,0.001665353775024414,2.3223459720611572e-05,0.0625,0.0
s000030-i000000-p000002,0.00023308396339416504,0.00023308396339416504,1.0229647159576416e-05,0.0625,0.0
s000030-i000000-p000003,0.0002482682466506958,0.0002482682466506958,1.0132789611816406e-05,0.03125,0.0
s000030-i000000-p000004,0.006164968013763428,0.006164968013763428,0.000538170337677002,0.01171875,0.00390625
s000030-i000000-p000005,0.0005627572536468506,0.0005627572536468506,2.6524066925048828e-05,0.0234375,0.0
s000030-i000000-p000006,0.000486522912979126,0.000486522912979126,1.6421079635620117e-05,0.03125,0.0
s000030-i000000-p000007,0.0006450358778238297,0.0006450358778238297,1.424551010131836e-05,0.00390625,0.00390625
s000030-i000000-p000008,0.023915192112326622,0.023915192112326622,0.0008194074034690857,0.453125,0.0
s000030-i000000-p000009,0.0038732439279556274,0.0038732439279556274,8.838437497615814e-05,0.40625,0.0
s000030-i000000-p000010,0.0016366243362426758,0.0016366243362426758,3.936886787414551e-05,0.03125,0.0
s000030-i000000-p000011,0.0003661438822746277,0.0003661438822746277,6.884336471557617e-06,0.03125,0.0
s000030-i000000-p000012,3.057718276977539e-05,3.057718276977539e-05,7.450580596923828e-07,0.0390625,0.0
s000030-i000000-p000013,0.11420438811182976,0.11420438811182976,0.0006629489362239838,0.28125,0.0
s000030-i000000-p000014,0.011240333318710327,0.011240333318710327,0.00012544915080070496,0.0390625,0.015625
s000030-i000000-p000015,8.702278137207031e-06,8.702278137207031e-06,9.5367431640625e-07,0.015625,0.015625
s000030-i000000-p000016,0.0002923794090747833,0.0002923794090747833,1.2874603271484375e-05,0.0283203125,0.002685546875
s000030-i000000-p000017,0.6870466023683548,0.6870466023683548,0.0005879998207092285,0.125,0.015625
s000030-i000000-p000018,0.010482367128133774,0.010482367128133774,0.00011563301086425781,0.1484375,0.0
s000030-i000000-p000019,0.01557624340057373,0.01557624340057373,0.00035350024700164795,0.390625,0.046875
s000030-i000000-p000020,0.0029932931065559387,0.0029932931065559387,0.0002715587615966797,0.078125,0.015625
s000030-i000000-p000021,0.014266621321439743,0.014266621321439743,0.0002398267388343811,0.0625,0.015625
s000030-i000000-p000022,0.0005672574043273926,0.0005672574043273926,3.325939178466797e-05,0.25,0.015625
s000030-i000000-p000023,0.00130559504032135,0.00130559504032135,3.235042095184326e-05,0.0546875,0.015625
s000030-i000000-p000024,0.000417366623878479,0.000417366623878479,1.516193151473999e-05,0.125,0.0
s000030-i000000-p000025,0.008221447467803955,0.008221447467803955,0.00016412138938903809,0.046875,0.015625
s000030-i000000-p000026,0.0005577802658081055,0.0005577802658081055,2.292543649673462e-05,0.046875,0.0
s000030-i000010-p000000,3.098323941230774e-05,3.098323941230774e-05,7.37607479095459e-07,0.03125,0.0
s000030-i000010-p000001,0.001920941285789013,0.001920941285789013,6.574578583240509e-05,0.08984375,0.00390625
s000030-i000010-p000002,0.00041328370571136475,0.00041328370571136475,1.230090856552124e-05,0.140625,0.015625
s000030-i000010-p000003,0.0018678009510040283,0.0018678009510040283,6.054341793060303e-05,0.0,0.0
s000030-i000010-p000004,0.004302158951759338,0.004302158951759338,0.00023256242275238037,0.5,0.0390625
s000030-i000010-p000005,0.000609859824180603,0.000609859824180603,2.533942461013794e-05,0.0625,0.0
s000030-i000010-p000006,0.0015445500612258911,0.0015445500612258911,7.361918687820435e-05,0.0177459716796875,0.0025634765625
s000030-i000010-p000007,0.0017173290252685547,0.0017173290252685547,4.3973326683044434e-05,0.0078125,0.0
s000030-i000010-p000008,0.0007079988718032837,0.0007079988718032837,2.1219253540039062e-05,0.015625,0.0
s000030-i000010-p000009,0.000853121280670166,0.000853121280670166,2.7179718017578125e-05,0.328125,0.015625
s000030-i000010-p000010,2.1576881408691406e-05,2.1576881408691406e-05,8.344650268554688e-07,0.03125,0.0
s000030-i000010-p000011,0.012019053101539612,0.012019053101539612,0.00027311593294143677,0.046875,0.015625
s000030-i000010-p000012,0.00037254393100738525,0.00037254393100738525,1.5847384929656982e-05,0.078125,0.015625
s000030-i000010-p000013,0.004933074116706848,0.004933074116706848,0.00015354156494140625,0.16796875,0.01171875
s000030-i000010-p000014,1.938267707824707,1.938267707824707,0.0003665238618850708,0.005859375,0.00390625
s000030-i000010-p000015,0.03214101493358612,0.03214101493358612,0.0018272027373313904,0.359375,0.0078125
s000030-i000010-p000016,0.0010784268379211426,0.0010784268379211426,3.659818321466446e-05,0.125,0.0390625
s000030-i000010-p000017,0.0017186403274536133,0.0017186403274536133,0.00011242274194955826,0.021484375,0.0
s000030-i000010-p000018,0.008856579661369324,0.008856579661369324,8.356571197509766e-05,0.015625,0.0
s000030-i000010-p000019,6.471574306488037e-05,6.471574306488037e-05,1.9222497940063477e-06,0.25,0.0
s000030-i000010-p000020,1.7718016505241394,1.7718016505241394,0.00024211406707763672,0.109375,0.03125
s000030-i000010-p000021,0.026243604719638824,0.026243604719638824,0.0008612871170043945,0.59375,0.015625
s000030-i000010-p000022,0.010659635066986084,0.010659635066986084,0.00047773122787475586,0.5,0.03125
s000030-i000010-p000023,0.002013266086578369,0.002013266086578369,3.743171691894531e-05,0.265625,0.0
s000030-i000010-p000024,0.3995099812746048,0.3995099812746048,0.0027812570333480835,0.0625,0.0078125
s000030-i000010-p000025,0.001534491777420044,0.001534491777420044,5.513429641723633e-05,0.084228515625,0.004638671875
s000030-i000010-p000026,0.00044135749340057373,0.00044135749340057373,1.6987323760986328e-05,0.09375,0.0
s000030-i000010-p000027,0.0002469867467880249,0.0002469867467880249,1.2278556823730469e-05,0.171875,0.0078125
s000030-i000010-p000028,0.04272492229938507,0.04272492229938507,0.001217428594827652,0.234375,0.015625
s000030-i000010-p000029,0.008541978895664215,0.008541978895664215,0.00010231882333755493,0.046875,0.0
s000030-i000020-p000000,0.0035649389028549194,0.0035649389028549194,0.00022719800472259521,0.1328125,0.0
s000030-i000020-p000001,0.0004805251955986023,0.0004805251955986023,3.333389759063721e-05,0.03125,0.0
s000030-i000020-p000002,0.00026030465960502625,0.00026030465960502625,1.0259449481964111e-05,0.03125,0.0
s000030-i000020-p000003,4.5843422412872314e-05,4.5843422412872314e-05,1.2274831533432007e-06,0.013671875,0.001953125
s000030-i000020-p000004,0.0003110133111476898,0.0003110133111476898,4.985742270946503e-05,0.046875,0.0
s000030-i000020-p000005,1.8320977687835693e-05,1.8320977687835693e-05,1.214444637298584e-06,0.015625,0.0
s000030-i000020-p000006,0.006184697151184082,0.006184697151184082,0.0002999342978000641,0.203125,0.03125
s000030-i000020-p000007,0.004904024302959442,0.004904024302959442,4.054047167301178e-05,0.59375,0.0
s000030-i000020-p000008,0.001271262764930725,0.001271262764930725,4.750490188598633e-05,0.015625,0.001953125
s000030-i000020-p000009,0.01894630677998066,0.01894630677998066,0.0003505907952785492,0.0625,0.0
s000030-i000020-p000010,0.0016526058316230774,0.0016526058316230774,4.009902477264404e-05,0.03125,0.015625
s000030-i000020-p000011,0.00445789098739624,0.00445789098739624,6.821006536483765e-05,0.765625,0.0546875
s000030-i000020-p000012,0.010083869099617004,0.010083869099617004,0.000190097838640213,0.0234375,0.0
s000030-i000020-p000013,0.0009494423866271973,0.0009494423866271973,5.900859832763672e-06,0.0546875,0.0078125
s000030-i000020-p000014,0.0007125064730644226,0.0007125064730644226,3.2335519790649414e-05,0.013671875,0.001953125
s000030-i000020-p000015,0.0031932592391967773,0.0031932592391967773,8.847378194332123e-05,0.1875,0.0
s000030-i000020-p000016,0.0034372881054878235,0.0034372881054878235,1.566857099533081e-05,0.453125,0.03125
s000030-i000020-p000017,0.043916407972574234,0.043916407972574234,0.0016685500741004944,0.125,0.015625
s000030-i000020-p000018,0.0009520053863525391,0.0009520053863525391,4.507601261138916e-05,0.03125,0.015625
s000030-i000020-p000019,0.00017981231212615967,0.00017981231212615967,4.3585896492004395e-06,0.140625,0.0
s000030-i000020-p000020,0.016979239881038666,0.016979239881038666,0.0006577372550964355,0.75,0.0625
s000030-i000020-p000021,1.5164046883583069,1.5164046883583069,0.0004121065139770508,0.078125,0.0
s000030-i000020-p000022,0.008342534303665161,0.008342534303665161,0.00025067105889320374,0.0078125,0.0078125
s000030-i000020-p000023,0.008206073194742203,0.008206073194742203,0.00030604004859924316,0.4609375,0.0078125
s000030-i000020-p000024,0.0009648799896240234,0.0009648799896240234,7.051229476928711e-05,0.390625,0.0234375
s000030-i000020-p000025,0.0015237592160701752,0.0015237592160701752,3.057718276977539e-05,0.302734375,0.015625
s000030-i000030-p000000,0.012350887060165405,0.012350887060165405,0.00012955814599990845,0.3125,0.015625
s000030-i000030-p000001,0.011817695572972298,0.011817695572972298,0.00040040910243988037,0.037109375,0.0009765625
s000030-i000030-p000002,0.00024089962244033813,0.00024089962244033813,4.59328293800354e-06,0.0390625,0.0078125
s000030-i000030-p000003,0.10959938168525696,0.10959938168525696,0.0018227100372314453,0.015625,0.0078125
s000030-i000030-p000004,0.000199049711227417,0.000199049711227417,7.750466465950012e-06,0.01171875,0.00390625
s000030-i000030-p000005,0.0014907270669937134,0.0014907270669937134,2.1755695343017578e-05,0.140625,0.0
s000030-i000030-p000006,0.00020635873079299927,0.00020635873079299927,4.9620866775512695e-06,0.03515625,0.00244140625
s000030-i000030-p000007,0.00037404149770736694,0.00037404149770736694,2.2180378437042236e-05,0.015625,0.0
s000030-i000030-p000008,0.0034582987427711487,0.0034582987427711487,0.0001398026943206787,0.0,0.015625
s000030-i000030-p000009,0.008472822606563568,0.008472822606563568,4.863739013671875e-05,0.1953125,0.01171875
s000030-i000030-p000010,0.002641058526933193,0.002641058526933193,8.911080658435822e-05,0.046875,0.0
s000030-i000030-p000011,0.00400950014591217,0.00400950014591217,0.0001819133758544922,0.03125,0.015625
s000030-i000030-p000012,0.0011858344078063965,0.0011858344078063965,2.4616718292236328e-05,0.0625,0.0
s000030-i000030-p000013,0.005132988095283508,0.005132988095283508,8.124113082885742e-05,0.0,0.0
s000030-i000030-p000014,0.0012133866548538208,0.0012133866548538208,1.2516975402832031e-05,0.046875,0.0
s000030-i000030-p000015,0.012689188122749329,0.012689188122749329,0.00044375844299793243,0.0625,0.015625
s000030-i000030-p000016,0.0010599829256534576,0.0010599829256534576,9.819865226745605e-06,0.10546875,0.015625
s000030-i000030-p000017,0.05672831833362579,0.05672831833362579,0.0008812546730041504,0.0234375,0.00390625
s000030-i000030-p000018,0.005990520119667053,0.005990520119667053,0.00014263391494750977,0.112884521484375,0.002593994140625
s000030-i000030-p000019,0.5291238054633141,0.5291238054633141,0.00043261051177978516,0.4140625,0.0
s000030-i000030-p000020,0.003290679305791855,0.003290679305791855,2.3066997528076172e-05,0.125,0.03125
s000030-i000030-p000021,0.008296518120914698,0.008296518120914698,0.00015829503536224365,0.125,0.0078125
s000030-i000030-p000022,0.002104818820953369,0.002104818820953369,4.0277838706970215e-05,0.0,0.015625
s000030-i000030-p000023,0.0007947906851768494,0.0007947906851768494,1.9818544387817383e-05,0.06640625,0.0
s000030-i000030-p000024,0.0014626439660787582,0.0014626439660787582,2.7358531951904297e-05,0.015625,0.0
s000030-i000030-p000025,0.000479966402053833,0.000479966402053833,1.11311674118042e-05,0.078125,0.015625
s000030-i000030-p000026,0.0008528158068656921,0.0008528158068656921,2.8111040592193604e-05,0.078125,0.0
s000030-i000030-p000027,0.001357734203338623,0.001357734203338623,5.340576171875e-05,0.0625,0.0
s000030-i000040-p000000,0.0009310394525527954,0.0009310394525527954,5.488097667694092e-05,0.791259765625,0.00543212890625
s000030-i000040-p000001,0.0005051493644714355,0.0005051493644714355,1.2122094631195068e-05,0.0390625,0.0078125
s000030-i000040-p000002,0.000928197056055069,0.000928197056055069,0.00010335445404052734,0.046875,0.0
s000030-i000040-p000003,0.0002047419548034668,0.0002047419548034668,5.543231964111328e-06,0.046875,0.0
s000030-i000040-p000004,0.001584816724061966,0.001584816724061966,3.3468008041381836e-05,0.0078125,0.0234375
s000030-i000040-p000005,0.0003184899687767029,0.0003184899687767029,1.3977289199829102e-05,0.01171875,0.00390625
s000030-i000040-p000006,0.024845696985721588,0.024845696985721588,0.0007561147212982178,0.28125,0.03125
s000030-i000040-p000007,0.02423463761806488,0.02423463761806488,0.00021259114146232605,0.28125,0.0
s000030-i000040-p000008,0.0015258491039276123,0.0015258491039276123,3.06740403175354e-05,0.0625,0.0
s000030-i000040-p000009,0.0003988519310951233,0.0003988519310951233,2.0831823348999023e-05,0.0,0.0
s000030-i000040-p000010,0.008380144834518433,0.008380144834518433,0.0001710951328277588,0.0625,0.0
s000030-i000040-p000011,0.0022106170654296875,0.0022106170654296875,2.9101967811584473e-05,0.015625,0.0
s000030-i000040-p000012,0.018649384379386902,0.018649384379386902,0.0005150958895683289,1.1875,0.03125
s000030-i000040-p000013,0.017775021493434906,0.017775021493434906,0.0010001957416534424,0.0546875,0.0078125
s000030-i000040-p000014,0.01603994518518448,0.01603994518518448,0.0003016740083694458,0.26171875,0.01171875
s000030-i000040-p000015,0.0016138330101966858,0.0016138330101966858,6.867945194244385e-05,0.140625,0.0
s000030-i000040-p000016,0.006406994536519051,0.006406994536519051,0.00018100440502166748,0.09375,0.015625
s000030-i000040-p000017,0.0017957165837287903,0.0017957165837287903,7.386505603790283e-05,0.1171875,0.0078125
s000030-i000040-p000018,0.013217004016041756,0.013217004016041756,0.00021147727966308594,0.046875,0.015625
s000030-i000040-p000019,0.001429438591003418,0.001429438591003418,2.059340476989746e-05,0.5703125,0.0859375
s000030-i000040-p000020,1.964066743850708,1.964066743850708,0.0005002692341804504,0.2578125,0.0
s000030-i000040-p000021,0.004288956522941589,0.004288956522941589,0.00010478496551513672,0.84765625,0.09375
s000030-i000040-p000022,0.024650756269693375,0.024650756269693375,0.00044592656195163727,0.046875,0.0
s000030-i000040-p000023,0.020190834999084473,0.020190834999084473,0.0006493628025054932,0.046875,0.0
s000030-i000040-p000024,0.0004302859306335449,0.0004302859306335449,2.3826956748962402e-05,0.140625,0.0
s000030-i000040-p000025,0.02323823608458042,0.02323823608458042,0.001263946294784546,0.25,0.015625
s000040-i000000-p000000,4.466064274311066e-05,4.466064274311066e-05,5.364418029785156e-07,0.0,0.0
s000040-i000000-p000001,0.0005248785018920898,0.0005248785018920898,1.7758458852767944e-05,0.09375,0.0
s000040-i000000-p000002,1.8537044525146484e-05,1.8537044525146484e-05,6.198883056640625e-06,0.015625,0.0
s000040-i000000-p000003,0.00031019002199172974,0.00031019002199172974,1.2919306755065918e-05,0.0625,0.0
s000040-i000000-p000004,0.00010520219802856445,0.00010520219802856445,2.2649765014648438e-06,0.15625,0.0
s000040-i000000-p000005,0.0005407929420471191,0.0005407929420471191,1.5914440155029297e-05,0.015625,0.0
s000040-i000000-p000006,0.00495186448097229,0.00495186448097229,8.571147918701172e-05,0.15625,0.0
s000040-i000000-p000007,0.0023567602038383484,0.0023567602038383484,6.666779518127441e-05,0.015625,0.0
s000040-i000000-p000008,0.005235537886619568,0.005235537886619568,0.00012242794036865234,0.90625,0.03515625
s000040-i000000-p000009,0.0007246732711791992,0.0007246732711791992,9.298324584960938e-06,0.125,0.0
s000040-i000000-p000010,0.0003205537796020508,0.0003205537796020508,6.996095180511475e-06,0.0,0.0
s000040-i000000-p000011,0.00028220564126968384,0.00028220564126968384,2.428889274597168e-06,0.0234375,0.0
s000040-i000000-p000012,9.953975677490234e-06,9.953975677490234e-06,5.960464477539063e-08,0.015625,0.0
s000040-i000000-p000013,0.0026086047291755676,0.0026086047291755676,3.3877789974212646e-05,0.03125,0.015625
s000040-i000000-p000014,0.001619100570678711,0.001619100570678711,6.674975156784058e-05,0.0311279296875,0.010498046875
s000040-i000000-p000015,0.0017554908990859985,0.0017554908990859985,8.308887481689453e-05,0.21875,0.0
s000040-i000000-p000016,0.005585525184869766,0.005585525184869766,4.946812987327576e-05,0.6328125,0.0546875
s000040-i000000-p000017,0.004150032997131348,0.004150032997131348,9.347870945930481e-05,0.0859375,0.0
s000040-i000000-p000018,0.011931203305721283,0.011931203305721283,0.00016582012176513672,0.015625,0.0
s000040-i000000-p000019,0.00041303038597106934,0.00041303038597106934,2.9385089874267578e-05,0.0546875,0.0
s000040-i000000-p000020,0.006495088338851929,0.006495088338851929,8.374452590942383e-05,0.03125,0.0078125
s000040-i000000-p000021,0.0005964487791061401,0.0005964487791061401,2.7179718017578125e-05,0.0546875,0.0
s000040-i000000-p000022,0.8225146271288395,0.8225146271288395,0.03996074199676514,0.9375,0.03125
s000040-i000000-p000023,0.003491930663585663,0.003491930663585663,5.4955482482910156e-05,0.0,0.0
s000040-i000000-p000024,1.990795135498047e-05,1.990795135498047e-05,7.152557373046875e-07,0.328125,0.0
s000040-i000000-p000025,0.000697016716003418,0.000697016716003418,7.644295692443848e-06,0.08963775634765625,0.00122833251953125
s000040-i000000-p000026,0.006237030029296875,0.006237030029296875,0.00011675059795379639,0.66015625,0.03515625
s000040-i000000-p000027,0.0017522908747196198,0.0017522908747196198,5.282647907733917e-05,0.265625,0.046875
s000040-i000000-p000028,0.003431516233831644,0.003431516233831644,5.708634853363037e-05,0.265625,0.0
s000040-i000000-p000029,0.0004215538501739502,0.0004215538501739502,1.9740313291549683e-05,0.15625,0.0
s000040-i000000-p000030,0.003767728805541992,0.003767728805541992,6.569176912307739e-05,0.125,0.0
s000040-i000000-p000031,0.006431974470615387,0.006431974470615387,4.363059997558594e-05,0.625,0.03125
s000040-i000000-p000032,0.0005887150764465332,0.0005887150764465332,1.71661376953125e-05,0.109375,0.00390625
s000040-i000000-p000033,0.0005435347557067871,0.0005435347557067871,7.736682891845703e-05,0.015625,0.00390625
s000040-i000000-p000034,2.0056962966918945e-05,2.0056962966918945e-05,4.3213367462158203e-07,0.03125,0.0
s000040-i000000-p000035,0.02544754557311535,0.02544754557311535,0.00036478787660598755,0.125,0.0
s000040-i000000-p000036,0.01246139407157898,0.01246139407157898,0.0003381711430847645,0.53125,0.0
s000040-i000000-p000037,0.0014268755912780762,0.0014268755912780762,3.337860107421875e-05,0.0546875,0.0078125
s000040-i000000-p000038,0.0007273852825164795,0.0007273852825164795,5.364418029785156e-06,0.0703125,0.0
s000040-i000000-p000039,0.0012604594230651855,0.0012604594230651855,7.293373346328735e-05,0.25390625,0.0078125
s000040-i000000-p000040,0.000264585018157959,0.000264585018157959,1.71661376953125e-05,0.1875,0.015625
s000040-i000010-p000000,0.0015090405941009521,0.0015090405941009521,1.800060272216797e-05,0.0,0.0
s000040-i000010-p000001,0.0038280487060546875,0.0038280487060546875,0.00026963651180267334,0.078125,0.0078125
s000040-i000010-p000002,0.0003108978271484375,0.0003108978271484375,3.392994403839111e-05,0.0,0.0
s000040-i000010-p000003,0.00016492605209350586,0.00016492605209350586,3.300607204437256e-06,0.09375,0.03125
s000040-i000010-p000004,0.0007291659712791443,0.0007291659712791443,9.104609489440918e-06,0.015625,0.0
s000040-i000010-p000005,0.0016984641551971436,0.0016984641551971436,3.1732022762298584e-05,0.15625,0.0
s000040-i000010-p000006,0.012661755084991455,0.012661755084991455,0.0003680586814880371,0.3515625,0.0078125
s000040-i000010-p000007,0.0012664571404457092,0.0012664571404457092,1.3589859008789062e-05,0.03125,0.0
s000040-i000010-p000008,2.8342008590698242e-05,2.8342008590698242e-05,4.0978193283081055e-07,0.03125,0.0
s000040-i000010-p000009,0.0061354972422122955,0.0061354972422122955,0.00020122528076171875,0.796875,0.015625
s000040-i000010-p000010,0.00019760429859161377,0.00019760429859161377,5.841255187988281e-06,0.15625,0.03125
s000040-i000010-p000011,0.0005908077582716942,0.0005908077582716942,2.765655517578125e-05,0.234375,0.0
s000040-i000010-p000012,0.00035816431045532227,0.00035816431045532227,8.702278137207031e-06,0.015625,0.0
s000040-i000010-p000013,0.007440522313117981,0.007440522313117981,1.9177794456481934e-05,0.109375,0.0
s000040-i000010-p000014,0.002008941024541855,0.002008941024541855,1.5482306480407715e-05,0.39453125,0.0
s000040-i000010-p000015,0.00322684645652771,0.00322684645652771,5.953013896942139e-05,0.0,0.0
s000040-i000010-p000016,0.0019049011170864105,0.0019049011170864105,0.00023728609085083008,0.15625,0.0
s000040-i000010-p000017,0.025239363312721252,0.025239363312721252,0.0010890960693359375,0.07421875,0.0078125
s000040-i000010-p000018,0.003552168607711792,0.003552168607711792,0.0002772808074951172,0.125,0.0
s000040-i000010-p000019,0.007560983300209045,0.007560983300209045,3.1109899282455444e-05,0.484375,0.0
s000040-i000010-p000020,0.00041034817695617676,0.00041034817695617676,3.580749034881592e-05,0.015625,0.015625
s000040-i000010-p000021,0.006142020225524902,0.006142020225524902,5.620718002319336e-05,0.609375,0.046875
s000040-i000010-p000022,0.0001160651445388794,0.0001160651445388794,4.172325134277344e-06,0.09375,0.0
s000040-i000010-p000023,0.0004426203668117523,0.0004426203668117523,6.213784217834473e-06,0.0078125,0.0078125
s000040-i000010-p000024,0.0006704702973365784,0.0006704702973365784,2.0503997802734375e-05,0.15625,0.00390625
s000040-i000010-p000025,5.0434842705726624e-05,5.0434842705726624e-05,7.152557373046875e-07,0.03125,0.0
s000040-i000010-p000026,0.0005263248458504677,0.0005263248458504677,1.78460031747818e-05,0.203125,0.015625
s000040-i000010-p000027,0.0005216002464294434,0.0005216002464294434,4.236586391925812e-06,0.203125,0.0
s000040-i000010-p000028,2.8759241104125977e-05,2.8759241104125977e-05,4.3213367462158203e-07,0.046875,0.0
s000040-i000010-p000029,0.0013477206230163574,0.0013477206230163574,3.3542513847351074e-05,0.03125,0.03125
s000040-i000010-p000030,0.008230691775679588,0.008230691775679588,5.46872615814209e-05,0.04296875,0.0
s000040-i000010-p000031,0.003413259983062744,0.003413259983062744,0.0001779794692993164,0.078125,0.0
s000040-i000010-p000032,0.00013399124145507812,0.00013399124145507812,6.355345249176025e-06,0.052734375,0.001953125
s000040-i000010-p000033,0.0012136027216911316,0.0012136027216911316,2.9146671295166016e-05,0.13671875,0.00390625
s000040-i000010-p000034,0.006280168890953064,0.006280168890953064,8.213520050048828e-05,0.09375,0.0
s000040-i000010-p000035,3.106147050857544e-05,3.106147050857544e-05,6.556510925292969e-07,0.07421875,0.00390625
s000040-i000010-p000036,0.001447906717658043,0.001447906717658043,2.8777867555618286e-05,0.1171875,0.0
s000040-i000010-p000037,0.009395509958267212,0.009395509958267212,9.554624557495117e-05,0.21875,0.0
s000040-i000020-p000000,0.0024299025535583496,0.0024299025535583496,4.875659942626953e-05,0.0,0.03125
s000040-i000020-p000001,3.7178397178649902e-06,3.7178397178649902e-06,1.9371509552001953e-07,0.0,0.0
s000040-i000020-p000002,0.00038146600127220154,0.00038146600127220154,3.606081008911133e-06,0.03125,0.0
s000040-i000020-p000003,0.007371634244918823,0.007371634244918823,0.0003824681043624878,0.046875,0.015625
s000040-i000020-p000004,0.017833836376667023,0.017833836376667023,0.0002331472933292389,0.0625,0.03125
s000040-i000020-p000005,0.00011171028017997742,0.00011171028017997742,6.370246410369873e-06,0.03125,0.0
s000040-i000020-p000006,0.003942728042602539,0.003942728042602539,0.00015300512313842773,0.046875,0.0
s000040-i000020-p000007,0.00032633543014526367,0.00032633543014526367,1.0251998901367188e-05,0.03125,0.0
s000040-i000020-p000008,0.011631190776824951,0.011631190776824951,0.0003425702452659607,0.0,0.015625
s000040-i000020-p000009,0.00916038453578949,0.00916038453578949,0.00031509995460510254,0.078125,0.015625
s000040-i000020-p000010,0.013357728719711304,0.013357728719711304,0.00014714151620864868,0.03125,0.015625
s000040-i000020-p000011,3.908202052116394e-05,3.908202052116394e-05,7.152557373046875e-07,0.03125,0.0
s000040-i000020-p000012,0.00031188130378723145,0.00031188130378723145,8.553266525268555e-06,0.0625,0.0
s000040-i000020-p000013,0.0009508184157311916,0.0009508184157311916,2.2709369659423828e-05,0.0,0.0
s000040-i000020-p000014,0.02564302086830139,0.02564302086830139,1.9665807485580444e-05,0.0703125,0.0078125
s000040-i000020-p000015,0.005776483565568924,0.005776483565568924,0.00010861828923225403,0.0234375,0.0078125
s000040-i000020-p000016,0.002857595682144165,0.002857595682144165,3.7863850593566895e-05,0.015625,0.0
s000040-i000020-p000017,0.005198061466217041,0.005198061466217041,0.0003083422780036926,0.01171875,0.00390625
s000040-i000020-p000018,0.005055449903011322,0.005055449903011322,2.1574320271611214e-05,0.03125,0.0
s000040-i000020-p000019,0.0058123283088207245,0.0058123283088207245,0.00015529245138168335,0.34375,0.0
s000040-i000020-p000020,0.00397864356637001,0.00397864356637001,0.00013214349746704102,0.00390625,0.00390625
s000040-i000020-p000021,0.0036200881004333496,0.0036200881004333496,0.0004387497901916504,0.09375,0.015625
s000040-i000020-p000022,0.009892776608467102,0.009892776608467102,0.00025735795497894287,0.2734375,0.0
s000040-i000020-p000023,0.0027825534343719482,0.0027825534343719482,7.290765643119812e-05,0.09375,0.0
s000040-i000020-p000024,0.0017104893922805786,0.0017104893922805786,4.947185516357422e-05,0.265625,0.0
s000040-i000020-p000025,5.194544792175293e-05,5.194544792175293e-05,1.6689300537109375e-06,0.15625,0.015625
s000040-i000020-p000026,0.0017309784889221191,0.0017309784889221191,1.4722347259521484e-05,0.0390625,0.0078125
s000040-i000020-p000027,0.0630171075463295,0.0630171075463295,0.0009634606540203094,0.140625,0.015625
s000040-i000020-p000028,0.022074729204177856,0.022074729204177856,0.0007692202925682068,0.390625,0.0625
s000040-i000020-p000029,0.003162682056427002,0.003162682056427002,0.0001404881477355957,0.375,0.0
s000040-i000020-p000030,0.005147484131157398,0.005147484131157398,2.45729461312294e-05,0.0859375,0.015625
s000040-i000020-p000031,0.1164579764008522,0.1164579764008522,0.0009117722511291504,1.35693359375,0.0107421875
s000040-i000020-p000032,0.0007782280445098877,0.0007782280445098877,1.2390315532684326e-05,0.1812286376953125,0.0035858154296875
s000040-i000020-p000033,0.00016342848539352417,0.00016342848539352417,9.523704648017883e-06,0.15625,0.0
s000040-i000020-p000034,0.019960597157478333,0.019960597157478333,0.0007992684841156006,0.140625,0.015625
s000040-i000020-p000035,0.009663194417953491,0.009663194417953491,0.0003451704978942871,0.2265625,0.00634765625
s000040-i000020-p000036,0.0018935725092887878,0.0018935725092887878,1.5795230865478516e-05,0.0703125,0.0
s000040-i000020-p000037,0.00045415759086608887,0.00045415759086608887,2.4765729904174805e-05,0.125,0.0
s000040-i000020-p000038,0.002927228808403015,0.002927228808403015,0.00020521879196166992,0.46875,0.0
s000040-i000020-p000039,0.024284392595291138,0.024284392595291138,0.00017724186182022095,0.109375,0.0078125
s000040-i000020-p000040,0.004754453897476196,0.004754453897476196,0.00033718347549438477,0.265625,0.015625
s000040-i000030-p000000,0.0003184080123901367,0.0003184080123901367,5.9604644775390625e-06,0.0,0.0
s000040-i000030-p000001,0.0002976953983306885,0.0002976953983306885,6.318092346191406e-06,0.0078125,0.0
s000040-i000030-p000002,0.014661043882369995,0.014661043882369995,0.00017839670181274414,0.046875,0.015625
s000040-i000030-p000003,0.0010679066181182861,0.0010679066181182861,1.7253682017326355e-05,0.03125,0.0
s000040-i000030-p000004,0.0006881356239318848,0.0006881356239318848,3.382563591003418e-06,0.0625,0.0
s000040-i000030-p000005,0.0057475510984659195,0.0057475510984659195,0.00010505318641662598,0.09375,0.0078125
s000040-i000030-p000006,0.00028345733880996704,0.00028345733880996704,8.285045623779297e-06,0.09375,0.0
s000040-i000030-p000007,0.042370229959487915,0.042370229959487915,0.0009041354060173035,0.0625,0.0
s000040-i000030-p000008,0.00028395652770996094,0.00028395652770996094,4.600733518600464e-06,0.0859375,0.00390625
s000040-i000030-p000009,0.0007195025682449341,0.0007195025682449341,8.445978164672852e-05,0.0625,0.0
s000040-i000030-p000010,0.000288546085357666,0.000288546085357666,5.022622644901276e-06,0.09375,0.0
s000040-i000030-p000011,0.00038564205169677734,0.00038564205169677734,3.0197203159332275e-05,0.015625,0.015625
s000040-i000030-p000012,0.005638152360916138,0.005638152360916138,9.09268856048584e-05,0.34375,0.0
s000040-i000030-p000013,0.0024901703000068665,0.0024901703000068665,0.00013631582260131836,0.09375,0.0
s000040-i000030-p000014,0.0007098615169525146,0.0007098615169525146,2.3215776309370995e-05,0.03125,0.0
s000040-i000030-p000015,1.2859702110290527e-05,1.2859702110290527e-05,7.152557373046875e-07,0.046875,0.0
s000040-i000030-p000016,0.0024042129516601562,0.0024042129516601562,4.464387893676758e-05,0.046875,0.0
s000040-i000030-p000017,0.0051625072956085205,0.0051625072956085205,5.620718002319336e-05,0.1015625,0.0
s000040-i000030-p000018,0.014155812561511993,0.014155812561511993,0.00018399208784103394,0.125,0.03125
s000040-i000030-p000019,0.0009561479091644287,0.0009561479091644287,1.2315809726715088e-05,0.03125,0.0
s000040-i000030-p000020,0.002031862735748291,0.002031862735748291,0.0001875460147857666,0.015625,0.0
s000040-i000030-p000021,0.0007339976727962494,0.0007339976727962494,5.424022674560547e-06,0.015625,0.03125
s000040-i000030-p000022,0.0020529329776763916,0.0020529329776763916,6.878376007080078e-05,0.171875,0.01171875
s000040-i000030-p000023,0.00026260316371917725,0.00026260316371917725,7.033348083496094e-06,0.046875,0.0078125
s000040-i000030-p000024,0.0008697491139173508,0.0008697491139173508,2.863258123397827e-05,0.390625,0.0
s000040-i000030-p000025,0.0003143399953842163,0.0003143399953842163,1.6838312149047852e-06,0.109375,0.0078125
s000040-i000030-p000026,0.0016105882823467255,0.0016105882823467255,2.8945505619049072e-05,0.25,0.0078125
s000040-i000030-p000027,0.002152487635612488,0.002152487635612488,8.20159912109375e-05,0.08984375,0.00390625
s000040-i000030-p000028,0.0011425316333770752,0.0011425316333770752,2.1755695343017578e-05,0.03125,0.03125
s000040-i000030-p000029,3.773719072341919e-05,3.773719072341919e-05,7.431954145431519e-07,0.125,0.0
s000040-i000030-p000030,1.7334915399551392,1.7334915399551392,0.005184227600693703,0.328125,0.03125
s000040-i000030-p000031,0.0015935301780700684,0.0015935301780700684,3.7867575883865356e-05,0.03125,0.015625
s000040-i000030-p000032,0.00047129392623901367,0.00047129392623901367,1.0870397090911865e-05,0.0419921875,0.0009765625
s000040-i000030-p000033,1.6711652278900146e-05,1.6711652278900146e-05,3.2782554626464844e-07,0.11328125,0.01171875
s000040-i000030-p000034,0.012243092060089111,0.012243092060089111,0.0004023909568786621,0.19921875,0.00390625
s000040-i000030-p000035,0.004869181662797928,0.004869181662797928,0.0003477334976196289,0.09375,0.015625
s000040-i000030-p000036,0.013476356863975525,0.013476356863975525,4.762411117553711e-05,0.109375,0.0078125
s000040-i000030-p000037,0.005423799157142639,0.005423799157142639,8.779764175415039e-05,0.265625,0.0
s000040-i000030-p000038,0.004999175667762756,0.004999175667762756,6.717443466186523e-05,0.890625,0.015625
s000040-i000030-p000039,0.017444465309381485,0.017444465309381485,0.00012040883302688599,0.06640625,0.01171875
s000040-i000040-p000000,0.0013437420129776,0.0013437420129776,3.221631050109863e-05,0.03125,0.0
s000040-i000040-p000001,0.0003315359354019165,0.0003315359354019165,5.543231964111328e-06,0.21875,0.0
s000040-i000040-p000002,3.018975257873535e-05,3.018975257873535e-05,1.0132789611816406e-06,0.03125,0.0
s000040-i000040-p000003,5.614757537841797e-05,5.614757537841797e-05,1.8924474716186523e-06,0.09375,0.0
s000040-i000040-p000004,0.0007125437259674072,0.0007125437259674072,1.239776611328125e-05,0.0,0.0
s000040-i000040-p000005,0.00032570958137512207,0.00032570958137512207,8.158385753631592e-06,0.125,0.0
s000040-i000040-p000006,0.068491131067276,0.068491131067276,0.0005495697259902954,0.140625,0.015625
s000040-i000040-p000007,0.0005351155996322632,0.0005351155996322632,9.804964065551758e-06,0.1630859375,0.0009765625
s000040-i000040-p000008,1.6570091247558594e-05,1.6570091247558594e-05,9.5367431640625e-07,0.03125,0.0078125
s000040-i000040-p000009,0.0034825392067432404,0.0034825392067432404,3.355741500854492e-05,0.037109375,0.001953125
s000040-i000040-p000010,0.0008967667818069458,0.0008967667818069458,2.1219253540039062e-05,0.03125,0.0
s000040-i000040-p000011,0.0013740062713623047,0.0013740062713623047,4.507601261138916e-06,0.015625,0.0
s000040-i000040-p000012,1.17570161819458e-05,1.17570161819458e-05,1.0058283805847168e-06,0.109375,0.0
s000040-i000040-p000013,0.002315700054168701,0.002315700054168701,4.645437002182007e-05,0.0390625,0.0
s000040-i000040-p000014,1.1354684829711914e-05,1.1354684829711914e-05,4.954636096954346e-07,0.03125,0.0
s000040-i000040-p000015,0.0009882226586341858,0.0009882226586341858,4.861876368522644e-05,0.078125,0.00390625
s000040-i000040-p000016,0.001050613820552826,0.001050613820552826,2.343207597732544e-05,0.0625,0.0
s000040-i000040-p000017,0.00012163445353507996,0.00012163445353507996,2.384185791015625e-06,0.0,0.0
s000040-i000040-p000018,3.253668546676636e-05,3.253668546676636e-05,8.344650268554688e-07,0.0390625,0.0
s000040-i000040-p000019,0.0006126165390014648,0.0006126165390014648,1.0449439287185669e-05,0.0390625,0.0
s000040-i000040-p000020,0.0009022951126098633,0.0009022951126098633,1.4960765838623047e-05,0.1640625,0.0234375
s000040-i000040-p000021,0.0026339441537857056,0.0026339441537857056,1.4081597328186035e-05,0.453125,0.09375
s000040-i000040-p000022,0.0009302925318479538,0.0009302925318479538,1.5854835510253906e-05,0.1875,0.0
s000040-i000040-p000023,0.0019325539469718933,0.0019325539469718933,2.0534731447696686e-05,0.20721435546875,0.0048828125
s000040-i000040-p000024,0.0016445815563201904,0.0016445815563201904,1.1324882507324219e-05,0.0078125,0.0078125
s000040-i000040-p000025,0.001272149384021759,0.001272149384021759,3.981590270996094e-05,0.0078125,0.0078125
s000040-i000040-p000026,7.764995098114014e-05,7.764995098114014e-05,1.210719347000122e-06,0.0078125,0.00390625
s000040-i000040-p000027,0.000620037317276001,0.000620037317276001,1.150369644165039e-05,0.015625,0.0
s000040-i000040-p000028,0.0033784806728363037,0.0033784806728363037,0.00013893842697143555,0.6640625,0.0078125
s000040-i000040-p000029,7.500499486923218e-05,7.500499486923218e-05,1.2516975402832031e-06,0.09375,0.0
s000040-i000040-p000030,0.005158931016921997,0.005158931016921997,5.482137203216553e-05,0.03125,0.0
s000040-i000040-p000031,0.09593966603279114,0.09593966603279114,0.001016080379486084,0.08984375,0.0
s000040-i000040-p000032,0.0006041526794433594,0.0006041526794433594,1.5616416931152344e-05,0.296875,0.0
s000040-i000040-p000033,0.0007289201021194458,0.0007289201021194458,1.5974044799804688e-05,0.0625,0.0
s000040-i000040-p000034,0.010307550430297852,0.010307550430297852,0.0006671547889709473,0.296875,0.015625
s000040-i000040-p000035,0.00037169456481933594,0.00037169456481933594,9.294599294662476e-06,0.047607421875,0.0
s000040-i000040-p000036,0.008282404392957687,0.008282404392957687,0.00021058320999145508,0.09375,0.03125
s000040-i000040-p000037,0.0004400014877319336,0.0004400014877319336,6.8247318267822266e-06,0.0546875,0.0
s000065-i000000-p000000,0.0008287671953439713,0.0008287671953439713,3.230944275856018e-05,0.1875,0.0
s000065-i000000-p000001,0.008498167619109154,0.008498167619109154,0.0004298165440559387,0.15625,0.0078125
s000065-i000000-p000002,0.000424116849899292,0.000424116849899292,4.1544437408447266e-05,0.060546875,0.015625
s000065-i000000-p000003,0.002485990524291992,0.002485990524291992,6.444752216339111e-05,0.0,0.0
s000065-i000000-p000004,3.813207149505615e-05,3.813207149505615e-05,2.682209014892578e-07,0.046875,0.015625
s000065-i000000-p000005,0.00014513731002807617,0.00014513731002807617,1.2658536434173584e-05,0.154296875,0.0029296875
s000065-i000000-p000006,0.007636517286300659,0.007636517286300659,0.0005844235420227051,0.0078125,0.015625
s000065-i000000-p000007,1.728534698486328e-05,1.728534698486328e-05,4.291534423828125e-06,0.133544921875,0.0
s000065-i000000-p000008,0.000493854284286499,0.000493854284286499,9.506940841674805e-06,0.4453125,0.0859375
s000065-i000000-p000009,0.00228012353181839,0.00228012353181839,0.00029087066650390625,0.734375,0.046875
s000065-i000000-p000010,0.04446995258331299,0.04446995258331299,0.0004335641860961914,0.2578125,0.0
s000065-i000000-p000011,0.011066466569900513,0.011066466569900513,0.001057267189025879,1.078125,0.0625
s000065-i000000-p000012,4.035234451293945e-05,4.035234451293945e-05,3.159046173095703e-06,0.0625,0.015625
s000065-i000010-p000000,0.00546380877494812,0.00546380877494812,0.00012249499559402466,0.375,0.015625
s000065-i000010-p000001,0.009709365665912628,0.009709365665912628,0.0006758049130439758,0.453125,0.0
s000065-i000010-p000002,0.008593082427978516,0.008593082427978516,0.0006841719150543213,0.109375,0.015625
s000065-i000010-p000003,0.00020575523376464844,0.00020575523376464844,6.4373016357421875e-06,0.16796875,0.00390625
s000065-i000010-p000004,0.0011829957365989685,0.0011829957365989685,0.00012171268463134766,0.47265625,0.0234375
s000065-i000010-p000005,0.0003790557384490967,0.0003790557384490967,2.4497509002685547e-05,0.0078125,0.0078125
s000065-i000010-p000006,0.03635378181934357,0.03635378181934357,0.0033980607986450195,0.1842041015625,0.02060699462890625
s000065-i000010-p000007,0.0009945854544639587,0.0009945854544639587,2.577155828475952e-05,0.015625,0.015625
s000065-i000010-p000008,0.017997384071350098,0.017997384071350098,0.00536346435546875,0.96875,0.0625
s000065-i000010-p000009,0.0003219693899154663,0.0003219693899154663,1.677684485912323e-05,0.0625,0.0
s000065-i000010-p000010,0.002501383423805237,0.002501383423805237,3.516674041748047e-05,0.2421875,0.015625
s000065-i000010-p000011,0.011655278503894806,0.011655278503894806,0.0011543035507202148,0.78125,0.046875
s000065-i000010-p000012,0.0005198121070861816,0.0005198121070861816,6.154179573059082e-05,0.02734375,0.00390625
s000065-i000010-p000013,0.02909238636493683,0.02909238636493683,0.000361710786819458,0.13818359375,0.00341796875
s000065-i000020-p000000,0.0014314204454421997,0.0014314204454421997,3.4889206290245056e-05,0.03125,0.0
s000065-i000020-p000001,0.008072242140769958,0.008072242140769958,0.00021907128393650055,0.21875,0.0
s000065-i000020-p000002,0.0,0.0,0.0,0.0859375,0.0234375
s000065-i000020-p000003,0.010912775993347168,0.010912775993347168,0.00027495622634887695,0.0625,0.0
s000065-i000020-p000004,0.0,0.0,0.0,0.046875,0.0
s000065-i000020-p000005,0.09723680466413498,0.09723680466413498,0.000687815248966217,0.0859375,0.0078125
s000065-i000020-p000006,7.717311382293701e-05,7.717311382293701e-05,1.1265277862548828e-05,0.009765625,0.0
s000065-i000020-p000007,0.0006182566285133362,0.0006182566285133362,2.4765729904174805e-05,0.015625,0.0078125
s000065-i000020-p000008,0.006047299597412348,0.006047299597412348,0.00039892643690109253,2.12890625,0.0390625
s000065-i000020-p000009,0.0016490183770656586,0.0016490183770656586,4.5746564865112305e-05,0.171875,0.00390625
s000065-i000020-p000010,0.003022514283657074,0.003022514283657074,0.0005892813205718994,1.78125,0.0859375
s000065-i000020-p000011,0.0006818706169724464,0.0006818706169724464,6.155669689178467e-05,0.078125,0.0
s000065-i000020-p000012,0.040458641946315765,0.040458641946315765,0.0027713924646377563,0.2265625,0.0
s000065-i000020-p000013,0.11535615520551801,0.11535615520551801,0.00031284987926483154,0.80078125,0.0078125
s000065-i000030-p000000,0.03457782790064812,0.03457782790064812,0.0025188904255628586,0.09375,0.015625
s000065-i000030-p000001,7.240846753120422e-05,7.240846753120422e-05,2.6226043701171875e-06,0.0,0.0
s000065-i000030-p000002,0.0,0.0,0.0,0.046875,0.015625
s000065-i000030-p000003,0.0003996454179286957,0.0003996454179286957,4.13060188293457e-05,0.03125,0.0
s000065-i000030-p000004,0.0009444206953048706,0.0009444206953048706,6.967782974243164e-05,0.078125,0.046875
s000065-i000030-p000005,0.0018954271217808127,0.0018954271217808127,7.522106170654297e-05,0.515625,0.0625
s000065-i000030-p000006,0.14797891676425934,0.14797891676425934,0.0033954493701457977,0.100250244140625,0.002410888671875
s000065-i000030-p000007,0.000225752592086792,0.000225752592086792,1.1444091796875e-05,0.1015625,0.0078125
s000065-i000030-p000008,0.06205730140209198,0.06205730140209198,0.0004888176918029785,0.169189453125,0.00390625
s000065-i000030-p000009,0.0024857670068740845,0.0024857670068740845,0.00010611861944198608,0.3828125,0.0
s000065-i000030-p000010,4.2226165533065796e-05,4.2226165533065796e-05,1.5497207641601562e-06,0.09375,0.0
s000065-i000030-p000011,0.0010930429853033274,0.0010930429853033274,6.447732448577881e-05,0.0078125,0.0078125
s000065-i000030-p000012,0.0016937479376792908,0.0016937479376792908,4.011392593383789e-05,0.0625,0.0
s000065-i000030-p000013,4.063919186592102e-05,4.063919186592102e-05,4.112720489501953e-06,0.0341796875,0.0146484375
s000065-i000040-p000000,0.0006035715341567993,0.0006035715341567993,5.042552947998047e-05,0.0703125,0.0
s000065-i000040-p000001,0.026237700134515762,0.026237700134515762,0.0005764365196228027,0.0625,0.00390625
s000065-i000040-p000002,0.0008364077657461166,0.0008364077657461166,2.4829059839248657e-05,0.109375,0.0
s000065-i000040-p000003,0.0009560361504554749,0.0009560361504554749,1.6033649444580078e-05,0.0625,0.0
s000065-i000040-p000004,0.0007506608963012695,0.0007506608963012695,8.353590965270996e-05,0.2265625,0.0078125
s000065-i000040-p000005,0.0006922297179698944,0.0006922297179698944,6.693601608276367e-05,0.3359375,0.0078125
s000065-i000040-p000006,0.0007009655237197876,0.0007009655237197876,2.0287930965423584e-05,0.015625,0.0
s000065-i000040-p000007,0.018593840301036835,0.018593840301036835,0.0003606528043746948,0.0,0.015625
s000065-i000040-p000008,2.9861927032470703e-05,2.9861927032470703e-05,2.2798776626586914e-06,0.013671875,0.0
s000065-i000040-p000009,0.07301976159214973,0.07301976159214973,0.001119077205657959,0.296875,0.015625
s000065-i000040-p000010,4.471093416213989e-05,4.471093416213989e-05,1.1339783668518066e-05,0.03515625,0.0
s000065-i000040-p000011,0.0018849745392799377,0.0018849745392799377,0.00013273954391479492,0.265625,0.00390625
s000065-i000040-p000012,0.027801763266324997,0.027801763266324997,0.0006911866366863251,0.015625,0.0
s000065-i000040-p000013,1.9615418314933777,1.9615418314933777,0.12898153811693192,1.0322265625,0.15234375
